Car_name,Num_of_reviews,General_rate,Comfort,Interior design,Performance,Value for the money,Exterior styling,Reliability,Year,Brand,Model
2023     Acura     Integra.,5,4.6,4.4,4.4,4.6,4.2,5,4.8,2023,Acura,Integra.
2023     Acura     MDX.,,,,,,,,,2023,Acura,MDX.
2023     Acura     TLX.,,,,,,,,,2023,Acura,TLX.
2023     Acura     RDX.,,,,,,,,,2023,Acura,RDX.
2023     Audi     S4.,,,,,,,,,2023,Audi,S4.
2023     Audi     Q8.,,,,,,,,,2023,Audi,Q8.
2023     Audi     A4.,,,,,,,,,2023,Audi,A4.
2023     Audi     Q3.,,,,,,,,,2023,Audi,Q3.
2023     Audi     A5.,,,,,,,,,2023,Audi,A5.
2023     Audi     S3.,,,,,,,,,2023,Audi,S3.
2023     Audi     A8.,,,,,,,,,2023,Audi,A8.
2023     Audi     SQ5.,1,5,5,5,5,5,5,5,2023,Audi,SQ5.
2023     Audi     Q5.,3,4.6,5,4.7,4.7,4,5,5,2023,Audi,Q5.
2023     Audi     Q5 e.,,,,,,,,,2023,Audi,Q5 e.
2023     Audi     Q7.,,,,,,,,,2023,Audi,Q7.
2023     Audi     R8.,,,,,,,,,2023,Audi,R8.
2023     Audi     SQ7.,,,,,,,,,2023,Audi,SQ7.
2023     Audi     RS 5.,,,,,,,,,2023,Audi,RS 5.
2023     Audi     Q4 e-tron.,,,,,,,,,2023,Audi,Q4 e-tron.
2023     Audi     Q5 Sportback.,,,,,,,,,2023,Audi,Q5 Sportback.
2023     Audi     A6.,,,,,,,,,2023,Audi,A6.
2023     Audi     S5.,,,,,,,,,2023,Audi,S5.
2023     Audi     A3.,,,,,,,,,2023,Audi,A3.
2023     Audi     S6.,,,,,,,,,2023,Audi,S6.
2023     Audi     S8.,,,,,,,,,2023,Audi,S8.
2023     Audi     A7.,,,,,,,,,2023,Audi,A7.
2023     Audi     A4 allroad.,,,,,,,,,2023,Audi,A4 allroad.
2023     Audi     RS 7.,,,,,,,,,2023,Audi,RS 7.
2023     Audi     TT.,,,,,,,,,2023,Audi,TT.
2023     Audi     RS 6 Avant.,,,,,,,,,2023,Audi,RS 6 Avant.
2023     Audi     SQ8.,,,,,,,,,2023,Audi,SQ8.
2023     Audi     SQ5 Sportback.,1,3.9,4,3,5,3,3,5,2023,Audi,SQ5 Sportback.
2023     Audi     TTS.,,,,,,,,,2023,Audi,TTS.
2023     Audi     RS 3.,,,,,,,,,2023,Audi,RS 3.
2023     Audi     A6 allroad.,,,,,,,,,2023,Audi,A6 allroad.
2023     Audi     S7.,,,,,,,,,2023,Audi,S7.
2023     BMW     X7.,2,4.9,5,5,5,4.5,4.5,5,2023,BMW,X7.
2023     BMW     760.,,,,,,,,,2023,BMW,760
2023     BMW     740.,1,5,5,5,5,5,5,5,2023,BMW,740
2023     BMW     X5 PHEV.,,,,,,,,,2023,BMW,X5 PHEV.
2023     BMW     X5.,,,,,,,,,2023,BMW,X5.
2023     BMW     430.,,,,,,,,,2023,BMW,430
2023     BMW     M550.,,,,,,,,,2023,BMW,M550.
2023     BMW     X6.,,,,,,,,,2023,BMW,X6.
2023     BMW     530e.,,,,,,,,,2023,BMW,530e.
2023     BMW     X3.,,,,,,,,,2023,BMW,X3.
2023     BMW     X6 M.,,,,,,,,,2023,BMW,X6 M.
2023     BMW     M440.,,,,,,,,,2023,BMW,M440.
2023     BMW     X4.,2,4.7,5,5,4.5,4.5,5,4.5,2023,BMW,X4.
2023     BMW     430 Gran Coupe.,,,,,,,,,2023,BMW,430 Gran Coupe.
2023     BMW     M340.,2,4.6,4,4,5,5,5,5,2023,BMW,M340.
2023     BMW     M440 Gran Coupe.,,,,,,,,,2023,BMW,M440 Gran Coupe.
2023     BMW     M4.,,,,,,,,,2023,BMW,M4.
2023     BMW     540.,,,,,,,,,2023,BMW,540
2023     BMW     X3 M.,,,,,,,,,2023,BMW,X3 M.
2023     BMW     M8.,,,,,,,,,2023,BMW,M8.
2023     BMW     330.,,,,,,,,,2023,BMW,330
2023     BMW     330e.,,,,,,,,,2023,BMW,330e.
2023     BMW     M5.,,,,,,,,,2023,BMW,M5.
2023     BMW     840 Gran Coupe.,,,,,,,,,2023,BMW,840 Gran Coupe.
2023     BMW     X5 M.,,,,,,,,,2023,BMW,X5 M.
2023     BMW     X1.,,,,,,,,,2023,BMW,X1.
2023     BMW     M235 Gran Coupe.,,,,,,,,,2023,BMW,M235 Gran Coupe.
2023     BMW     Z4.,,,,,,,,,2023,BMW,Z4.
2023     BMW     M3.,,,,,,,,,2023,BMW,M3.
2023     BMW     840.,,,,,,,,,2023,BMW,840
2023     BMW     M240.,,,,,,,,,2023,BMW,M240.
2023     BMW     ALPINA B8 Gran Coupe.,,,,,,,,,2023,BMW,ALPINA B8 Gran Coupe.
2023     BMW     230.,,,,,,,,,2023,BMW,230
2023     BMW     X4 M.,,,,,,,,,2023,BMW,X4 M.
2023     BMW     M850 Gran Coupe.,,,,,,,,,2023,BMW,M850 Gran Coupe.
2023     BMW     530.,,,,,,,,,2023,BMW,530
2023     BMW     228 Gran Coupe.,,,,,,,,,2023,BMW,228 Gran Coupe.
2023     BMW     M850.,1,5,5,5,5,5,5,5,2023,BMW,M850.
2023     BMW     M2.,,,,,,,,,2023,BMW,M2.
2023     BMW     X2.,,,,,,,,,2023,BMW,X2.
2023     Buick     Encore GX.,1,5,5,5,5,5,5,5,2023,Buick,Encore GX.
2023     Buick     Enclave.,,,,,,,,,2023,Buick,Enclave.
2023     Buick     Envision.,1,3.6,3,5,3,3,4,4,2023,Buick,Envision.
2023     Cadillac     CT4-V.,,,,,,,,,2023,Cadillac,CT4-V.
2023     Cadillac     XT5.,1,5,5,5,5,5,5,5,2023,Cadillac,XT5.
2023     Cadillac     Escalade.,,,,,,,,,2023,Cadillac,Escalade.
2023     Cadillac     CT5.,1,4.3,4,3,5,5,5,4,2023,Cadillac,CT5.
2023     Cadillac     XT6.,,,,,,,,,2023,Cadillac,XT6.
2023     Cadillac     CT5-V.,,,,,,,,,2023,Cadillac,CT5-V.
2023     Cadillac     XT4.,4,3.2,3.5,3.5,3,2.8,3.5,3,2023,Cadillac,XT4.
2023     Cadillac     CT4.,,,,,,,,,2023,Cadillac,CT4.
2023     Cadillac     Escalade ESV.,1,4.9,5,5,5,4,5,5,2023,Cadillac,Escalade ESV.
2023     Chevrolet     Camaro.,1,4.7,5,4,5,4,5,5,2023,Chevrolet,Camaro.
2023     Chevrolet     Trailblazer.,4,4.6,4.8,4.8,4.5,4.2,4.8,4.8,2023,Chevrolet,Trailblazer.
2023     Chevrolet     Silverado 1500.,,,,,,,,,2023,Chevrolet,Silverado 1500.
2023     Chevrolet     Suburban.,,,,,,,,,2023,Chevrolet,Suburban.
2023     Chevrolet     Tahoe.,,,,,,,,,2023,Chevrolet,Tahoe.
2023     Chevrolet     Traverse.,2,3.5,4,4,3,3,4,3,2023,Chevrolet,Traverse.
2023     Chevrolet     Blazer.,,,,,,,,,2023,Chevrolet,Blazer.
2023     Chevrolet     Silverado 2500.,,,,,,,,,2023,Chevrolet,Silverado 2500.
2023     Chevrolet     Corvette.,8,4.5,4.5,4.5,4.5,4.5,4.5,4.5,2023,Chevrolet,Corvette.
2023     Chevrolet     Equinox.,4,4.8,5,5,5,4.8,5,4.5,2023,Chevrolet,Equinox.
2023     Chevrolet     Malibu.,1,5,5,5,5,5,5,5,2023,Chevrolet,Malibu.
2023     Chevrolet     Silverado 3500.,,,,,,,,,2023,Chevrolet,Silverado 3500.
2023     Chrysler     Pacifica.,,,,,,,,,2023,Chrysler,Pacifica.
2023     Chrysler     Pacifica Hybrid.,,,,,,,,,2023,Chrysler,Pacifica Hybrid.
2023     Chrysler     300.,,,,,,,,,2023,Chrysler,300
2023     Dodge     Charger.,,,,,,,,,2023,Dodge,Charger.
2023     Dodge     Challenger.,,,,,,,,,2023,Dodge,Challenger.
2023     Dodge     Durango.,,,,,,,,,2023,Dodge,Durango.
2023     Dodge     Hornet.,,,,,,,,,2023,Dodge,Hornet.
2023     Ford     Bronco.,,,,,,,,,2023,Ford,Bronco.
2023     Ford     F-150.,2,4.1,4.5,4.5,5,2.5,5,3,2023,Ford,F-150.
2023     Ford     Mustang.,1,5,5,5,5,5,5,5,2023,Ford,Mustang.
2023     Ford     Explorer.,,,,,,,,,2023,Ford,Explorer.
2023     Ford     Bronco Sport.,1,4.9,5,5,4,5,5,5,2023,Ford,Bronco Sport.
2023     Ford     Maverick.,1,4.1,4,4,4,5,4,4,2023,Ford,Maverick.
2023     Ford     Ranger.,1,4.9,5,4,5,5,5,5,2023,Ford,Ranger.
2023     Ford     Expedition Max.,,,,,,,,,2023,Ford,Expedition Max.
2023     Ford     Transit-350.,,,,,,,,,2023,Ford,Transit-350.
2023     Ford     Edge.,,,,,,,,,2023,Ford,Edge.
2023     Ford     Expedition.,,,,,,,,,2023,Ford,Expedition.
2023     Ford     F-350.,,,,,,,,,2023,Ford,F-350.
2023     Ford     F-250.,,,,,,,,,2023,Ford,F-250.
2023     Ford     Transit-250.,,,,,,,,,2023,Ford,Transit-250.
2023     Ford     Escape.,,,,,,,,,2023,Ford,Escape.
2023     GMC     Sierra 2500.,,,,,,,,,2023,GMC,Sierra 2500.
2023     GMC     Sierra 1500.,,,,,,,,,2023,GMC,Sierra 1500.
2023     GMC     Yukon.,,,,,,,,,2023,GMC,Yukon.
2023     GMC     Acadia.,3,5,5,5,5,5,5,5,2023,GMC,Acadia.
2023     GMC     Yukon XL.,,,,,,,,,2023,GMC,Yukon XL.
2023     GMC     Sierra 3500.,,,,,,,,,2023,GMC,Sierra 3500.
2023     GMC     Terrain.,,,,,,,,,2023,GMC,Terrain.
2023     Honda     CR-V Hybrid.,2,4.4,5,4,4,4,4.5,4.5,2023,Honda,CR-V Hybrid.
2023     Honda     Pilot.,,,,,,,,,2023,Honda,Pilot.
2023     Honda     CR-V.,3,4.9,5,5,5,4.3,4.7,5,2023,Honda,CR-V.
2023     Honda     Civic.,2,4,4,3.5,4.5,3.5,3.5,5,2023,Honda,Civic.
2023     Honda     Civic Si.,,,,,,,,,2023,Honda,Civic Si.
2023     Honda     Ridgeline.,5,4.8,5,4.8,4.8,4.4,5,5,2023,Honda,Ridgeline.
2023     Honda     Accord Hybrid.,,,,,,,,,2023,Honda,Accord Hybrid.
2023     Honda     Passport.,,,,,,,,,2023,Honda,Passport.
2023     Honda     Odyssey.,1,4.4,5,5,4,4,4,5,2023,Honda,Odyssey.
2023     Honda     HR-V.,1,4.6,4,5,4,5,5,5,2023,Honda,HR-V.
2023     Honda     Accord.,,,,,,,,,2023,Honda,Accord.
2023     Honda     Civic Type R.,1,5,5,5,5,5,5,5,2023,Honda,Civic Type R.
2023     Hyundai     Elantra N.,,,,,,,,,2023,Hyundai,Elantra N.
2023     Hyundai     Tucson Hybrid.,1,4.7,5,5,4,5,4,5,2023,Hyundai,Tucson Hybrid.
2023     Hyundai     Palisade.,5,5,5,5,5,5,5,5,2023,Hyundai,Palisade.
2023     Hyundai     Santa Cruz.,3,4.4,4.7,4.7,4.3,3.7,4.3,4.3,2023,Hyundai,Santa Cruz.
2023     Hyundai     Tucson.,3,4.5,4.7,4.3,4.3,4.3,4.7,4.3,2023,Hyundai,Tucson.
2023     Hyundai     Kona.,6,4,4.5,4.3,3.5,3.8,4.5,3.7,2023,Hyundai,Kona.
2023     Hyundai     Sonata.,5,4.4,4.6,4.6,4.2,4.2,4.6,4.2,2023,Hyundai,Sonata.
2023     Hyundai     Elantra.,4,4.4,4.2,4.2,4.8,3.5,4.8,4.5,2023,Hyundai,Elantra.
2023     Hyundai     Santa Fe HEV.,,,,,,,,,2023,Hyundai,Santa Fe HEV.
2023     Hyundai     Venue.,2,4.8,5,4.5,5,5,5,5,2023,Hyundai,Venue.
2023     Hyundai     Kona N.,,,,,,,,,2023,Hyundai,Kona N.
2023     Hyundai     Santa Fe.,3,5,5,5,5,5,5,5,2023,Hyundai,Santa Fe.
2023     Hyundai     Elantra HEV.,3,4.2,4.7,4.7,3.7,3.7,4.7,4.3,2023,Hyundai,Elantra HEV.
2023     Hyundai     Sonata Hybrid.,2,4.7,5,5,5,4.5,4.5,5,2023,Hyundai,Sonata Hybrid.
2023     Hyundai     Tucson Plug-In Hybrid.,,,,,,,,,2023,Hyundai,Tucson Plug-In Hybrid.
2023     Hyundai     Santa Fe Plug-In Hybrid.,,,,,,,,,2023,Hyundai,Santa Fe Plug-In Hybrid.
2023     INFINITI     QX50.,,,,,,,,,2023,INFINITI,QX50.
2023     INFINITI     QX80.,,,,,,,,,2023,INFINITI,QX80.
2023     INFINITI     QX55.,,,,,,,,,2023,INFINITI,QX55.
2023     INFINITI     QX60.,2,5,5,5,5,4.5,5,5,2023,INFINITI,QX60.
2023     INFINITI     Q50.,1,1.6,2,1,2,1,3,1,2023,INFINITI,Q50.
2023     Jaguar     F-PACE.,1,5,5,5,5,5,5,5,2023,Jaguar,F-PACE.
2023     Jaguar     XF.,,,,,,,,,2023,Jaguar,XF.
2023     Jaguar     F-TYPE.,1,4.3,4,4,5,3,5,4,2023,Jaguar,F-TYPE.
2023     Jaguar     I-PACE.,,,,,,,,,2023,Jaguar,I-PACE.
2023     Jeep     Grand Cherokee.,1,5,5,5,5,5,5,5,2023,Jeep,Grand Cherokee.
2023     Jeep     Gladiator.,2,4.6,5,5,5,4.5,4,4.5,2023,Jeep,Gladiator.
2023     Jeep     Grand Cherokee L.,4,4.8,4.8,5,4.8,4.8,5,4.8,2023,Jeep,Grand Cherokee L.
2023     Jeep     Wrangler.,1,5,5,5,5,5,5,5,2023,Jeep,Wrangler.
2023     Jeep     Wrangler 4xe.,2,3,3,3,3,3,3.5,3,2023,Jeep,Wrangler 4xe.
2023     Jeep     Grand Cherokee 4xe.,2,5,5,5,5,5,5,5,2023,Jeep,Grand Cherokee 4xe.
2023     Jeep     Wagoneer.,,,,,,,,,2023,Jeep,Wagoneer.
2023     Jeep     Grand Wagoneer.,,,,,,,,,2023,Jeep,Grand Wagoneer.
2023     Jeep     Compass.,,,,,,,,,2023,Jeep,Compass.
2023     Jeep     Wagoneer L.,1,4.6,5,5,5,4,4,4,2023,Jeep,Wagoneer L.
2023     Jeep     Cherokee.,,,,,,,,,2023,Jeep,Cherokee.
2023     Jeep     Grand Wagoneer L.,,,,,,,,,2023,Jeep,Grand Wagoneer L.
2023     Jeep     Renegade.,,,,,,,,,2023,Jeep,Renegade.
2023     Kia     Carnival.,1,4.9,5,4,5,5,5,5,2023,Kia,Carnival.
2023     Kia     Sportage Hybrid.,3,5,5,5,5,5,5,5,2023,Kia,Sportage Hybrid.
2023     Kia     Telluride.,4,5,5,5,5,5,5,5,2023,Kia,Telluride.
2023     Kia     Sorento.,1,4.7,5,5,5,4,5,5,2023,Kia,Sorento.
2023     Kia     Stinger.,2,4.5,4.5,4.5,4.5,4.5,4.5,4.5,2023,Kia,Stinger.
2023     Kia     Soul.,1,4.6,4,5,4,5,4,5,2023,Kia,Soul.
2023     Kia     Sorento Hybrid.,2,4.5,4.5,4,4.5,4.5,5,4.5,2023,Kia,Sorento Hybrid.
2023     Kia     Sportage.,22,4.4,4.7,4.7,4.2,4.1,4.6,4.2,2023,Kia,Sportage.
2023     Kia     K5.,7,5,5,5,5,5,5,5,2023,Kia,K5.
2023     Kia     Seltos.,6,4.8,4.5,5,4.8,4.8,4.8,4.8,2023,Kia,Seltos.
2023     Kia     Niro Plug-In Hybrid.,,,,,,,,,2023,Kia,Niro Plug-In Hybrid.
2023     Kia     Niro.,3,4.9,5,5,4.3,5,5,5,2023,Kia,Niro.
2023     Kia     Sorento Plug-In Hybrid.,,,,,,,,,2023,Kia,Sorento Plug-In Hybrid.
2023     Kia     Forte.,3,4.8,5,5,4.7,5,5,4,2023,Kia,Forte.
2023     Kia     Rio.,2,4.8,5,4.5,4.5,5,5,5,2023,Kia,Rio.
2023     Kia     Sportage Plug-In Hybrid.,,,,,,,,,2023,Kia,Sportage Plug-In Hybrid.
2023     Land Rover     Defender.,1,5,5,5,5,5,5,5,2023,Land,Rover Defender.
2023     Land Rover     Range Rover Velar.,,,,,,,,,2023,Land,Rover Range Rover Velar.
2023     Land Rover     Range Rover Sport.,,,,,,,,,2023,Land,Rover Range Rover Sport.
2023     Land Rover     Range Rover.,,,,,,,,,2023,Land,Rover Range Rover.
2023     Land Rover     Discovery Sport.,2,3,3,3,3,3,3,3,2023,Land,Rover Discovery Sport.
2023     Land Rover     Range Rover Evoque.,,,,,,,,,2023,Land,Rover Range Rover Evoque.
2023     Land Rover     Discovery.,,,,,,,,,2023,Land,Rover Discovery.
2023     Lexus     ES 300h.,1,4.9,5,5,4,5,5,5,2023,Lexus,ES 300h.
2023     Lexus     UX 250h.,1,5,5,5,5,5,5,5,2023,Lexus,UX 250h.
2023     Lexus     IS 350.,1,4.9,5,5,5,4,5,5,2023,Lexus,IS 350.
2023     Lexus     LS 500.,,,,,,,,,2023,Lexus,LS 500.
2023     Lexus     NX 350.,,,,,,,,,2023,Lexus,NX 350.
2023     Lexus     NX 250.,1,5,5,5,5,5,5,5,2023,Lexus,NX 250.
2023     Lexus     RX 500h.,,,,,,,,,2023,Lexus,RX 500h.
2023     Lexus     RX 350h.,,,,,,,,,2023,Lexus,RX 350h.
2023     Lexus     NX 350h.,1,2.6,3,3,3,1,3,3,2023,Lexus,NX 350h.
2023     Lexus     LC 500.,,,,,,,,,2023,Lexus,LC 500.
2023     Lexus     IS 500.,,,,,,,,,2023,Lexus,IS 500.
2023     Lexus     LX 600.,1,5,5,5,5,5,5,5,2023,Lexus,LX 600.
2023     Lexus     GX 460.,2,4.8,5,4.5,4.5,5,4.5,5,2023,Lexus,GX 460.
2023     Lexus     ES 350.,,,,,,,,,2023,Lexus,ES 350.
2023     Lexus     NX 450h+.,,,,,,,,,2023,Lexus,NX 450h+.
2023     Lexus     RX 350.,1,5,5,5,5,5,5,5,2023,Lexus,RX 350.
2023     Lexus     IS 300.,,,,,,,,,2023,Lexus,IS 300.
2023     Lexus     RC 350.,,,,,,,,,2023,Lexus,RC 350.
2023     Lexus     ES 250.,,,,,,,,,2023,Lexus,ES 250.
2023     Lincoln     Aviator.,,,,,,,,,2023,Lincoln,Aviator.
2023     Lincoln     Navigator.,,,,,,,,,2023,Lincoln,Navigator.
2023     Lincoln     Navigator L.,,,,,,,,,2023,Lincoln,Navigator L.
2023     Lincoln     Corsair.,,,,,,,,,2023,Lincoln,Corsair.
2023     Lincoln     Nautilus.,,,,,,,,,2023,Lincoln,Nautilus.
2023     Mazda     CX-9.,,,,,,,,,2023,Mazda,CX-9.
2023     Mazda     CX-30.,,,,,,,,,2023,Mazda,CX-30.
2023     Mazda     MX-5 Miata.,,,,,,,,,2023,Mazda,MX-5 Miata.
2023     Mazda     CX-5.,,,,,,,,,2023,Mazda,CX-5.
2023     Mazda     CX-50.,11,4.1,3.6,4,4.2,4.1,4.5,4.4,2023,Mazda,CX-50.
2023     Mazda     Mazda3.,,,,,,,,,2023,Mazda,Mazda3.
2023     Mazda     MX-5 Miata RF.,,,,,,,,,2023,Mazda,MX-5 Miata RF.
2023     Mercedes-Benz     AMG GLE 63.,,,,,,,,,2023,Mercedes-Benz,AMG GLE 63.
2023     Mercedes-Benz     C-Class.,2,4.8,5,5,5,4.5,4.5,5,2023,Mercedes-Benz,C-Class.
2023     Mercedes-Benz     GLE 350.,,,,,,,,,2023,Mercedes-Benz,GLE 350.
2023     Mercedes-Benz     AMG C 43.,,,,,,,,,2023,Mercedes-Benz,AMG C 43.
2023     Mercedes-Benz     AMG GLE 53.,,,,,,,,,2023,Mercedes-Benz,AMG GLE 53.
2023     Mercedes-Benz     CLA 250.,,,,,,,,,2023,Mercedes-Benz,CLA 250.
2023     Mercedes-Benz     S-Class.,1,4.7,5,5,5,4,4,5,2023,Mercedes-Benz,S-Class.
2023     Mercedes-Benz     Maybach GLS 600.,,,,,,,,,2023,Mercedes-Benz,Maybach GLS 600.
2023     Mercedes-Benz     E-Class.,,,,,,,,,2023,Mercedes-Benz,E-Class.
2023     Mercedes-Benz     GLE 450.,,,,,,,,,2023,Mercedes-Benz,GLE 450.
2023     Mercedes-Benz     Sprinter 2500.,,,,,,,,,2023,Mercedes-Benz,Sprinter 2500.
2023     Mercedes-Benz     GLA 250.,,,,,,,,,2023,Mercedes-Benz,GLA 250.
2023     Mercedes-Benz     AMG CLA 45.,,,,,,,,,2023,Mercedes-Benz,AMG CLA 45.
2023     Mercedes-Benz     AMG E 53.,,,,,,,,,2023,Mercedes-Benz,AMG E 53.
2023     Mercedes-Benz     GLB 250.,1,5,5,5,5,5,5,5,2023,Mercedes-Benz,GLB 250.
2023     Mercedes-Benz     CLS 450.,,,,,,,,,2023,Mercedes-Benz,CLS 450.
2023     Mercedes-Benz     GLS 450.,,,,,,,,,2023,Mercedes-Benz,GLS 450.
2023     Mercedes-Benz     EQS 450+.,1,5,5,5,5,5,5,5,2023,Mercedes-Benz,EQS 450+.
2023     Mercedes-Benz     AMG CLA 35.,,,,,,,,,2023,Mercedes-Benz,AMG CLA 35.
2023     Mercedes-Benz     AMG GT 63.,,,,,,,,,2023,Mercedes-Benz,AMG GT 63.
2023     Mercedes-Benz     GLC 300.,,,,,,,,,2023,Mercedes-Benz,GLC 300.
2023     Mercedes-Benz     AMG GLC 43.,,,,,,,,,2023,Mercedes-Benz,AMG GLC 43.
2023     Mercedes-Benz     AMG GT 53.,,,,,,,,,2023,Mercedes-Benz,AMG GT 53.
2023     Mercedes-Benz     AMG GT 43.,,,,,,,,,2023,Mercedes-Benz,AMG GT 43.
2023     Mercedes-Benz     GLE 580.,,,,,,,,,2023,Mercedes-Benz,GLE 580.
2023     Mercedes-Benz     G-Class.,,,,,,,,,2023,Mercedes-Benz,G-Class.
2023     Mercedes-Benz     AMG GLA 45.,,,,,,,,,2023,Mercedes-Benz,AMG GLA 45.
2023     Mercedes-Benz     Maybach S 680.,,,,,,,,,2023,Mercedes-Benz,Maybach S 680.
2023     Mercedes-Benz     AMG GLA 35.,,,,,,,,,2023,Mercedes-Benz,AMG GLA 35.
2023     Mercedes-Benz     EQB 350.,,,,,,,,,2023,Mercedes-Benz,EQB 350.
2023     Mercedes-Benz     Sprinter 1500.,,,,,,,,,2023,Mercedes-Benz,Sprinter 1500.
2023     Mercedes-Benz     Metris.,,,,,,,,,2023,Mercedes-Benz,Metris.
2023     Mercedes-Benz     Maybach S 580.,,,,,,,,,2023,Mercedes-Benz,Maybach S 580.
2023     Mitsubishi     Outlander PHEV.,,,,,,,,,2023,Mitsubishi,Outlander PHEV.
2023     Mitsubishi     Outlander Sport.,,,,,,,,,2023,Mitsubishi,Outlander Sport.
2023     Mitsubishi     Eclipse Cross.,1,3.3,5,5,1,3,4,2,2023,Mitsubishi,Eclipse Cross.
2023     Mitsubishi     Mirage.,1,2.6,2,5,1,3,5,1,2023,Mitsubishi,Mirage.
2023     Mitsubishi     Outlander.,4,5,5,5,5,5,5,5,2023,Mitsubishi,Outlander.
2023     Mitsubishi     Mirage G4.,1,4.7,5,4,4,5,5,5,2023,Mitsubishi,Mirage G4.
2023     Nissan     Kicks.,1,5,5,5,5,5,5,5,2023,Nissan,Kicks.
2023     Nissan     Armada.,,,,,,,,,2023,Nissan,Armada.
2023     Nissan     Z.,1,5,5,5,5,5,5,5,2023,Nissan,Z.
2023     Nissan     Pathfinder.,2,4.8,5,5,4.5,4.5,5,4.5,2023,Nissan,Pathfinder.
2023     Nissan     Versa.,,,,,,,,,2023,Nissan,Versa.
2023     Nissan     Frontier.,5,4.7,4.4,4.6,4.6,5,4.8,4.6,2023,Nissan,Frontier.
2023     Nissan     Titan XD.,,,,,,,,,2023,Nissan,Titan XD.
2023     Nissan     Altima.,3,4.8,4.7,4.3,4.7,4.7,5,5,2023,Nissan,Altima.
2023     Nissan     Rogue.,15,2.9,3.4,3.4,2.7,2.6,3.3,2.5,2023,Nissan,Rogue.
2023     Nissan     Titan.,1,5,5,5,5,5,5,5,2023,Nissan,Titan.
2023     Nissan     Sentra.,,,,,,,,,2023,Nissan,Sentra.
2023     Nissan     Maxima.,1,4.9,5,5,5,4,5,5,2023,Nissan,Maxima.
2023     Nissan     Murano.,1,5,5,5,5,5,5,5,2023,Nissan,Murano.
2023     Nissan     GT-R.,,,,,,,,,2023,Nissan,GT-R.
2023     Porsche     Panamera E-Hybrid.,,,,,,,,,2023,Porsche,Panamera E-Hybrid.
2023     Porsche     Macan.,3,4.5,4.7,4.3,5,4,4.7,4.3,2023,Porsche,Macan.
2023     Porsche     Cayenne.,,,,,,,,,2023,Porsche,Cayenne.
2023     Porsche     911.,,,,,,,,,2023,Porsche,911
2023     Porsche     Panamera.,,,,,,,,,2023,Porsche,Panamera.
2023     Porsche     718 Cayman.,,,,,,,,,2023,Porsche,718 Cayman.
2023     Porsche     718 Boxster.,,,,,,,,,2023,Porsche,718 Boxster.
2023     Porsche     Taycan Cross Turismo.,,,,,,,,,2023,Porsche,Taycan Cross Turismo.
2023     RAM     3500.,,,,,,,,,2023,RAM,3500
2023     RAM     2500.,,,,,,,,,2023,RAM,2500
2023     RAM     1500.,,,,,,,,,2023,RAM,1500
2023     RAM     ProMaster 1500.,,,,,,,,,2023,RAM,ProMaster 1500.
2023     RAM     ProMaster 2500.,,,,,,,,,2023,RAM,ProMaster 2500.
2023     RAM     ProMaster 3500.,,,,,,,,,2023,RAM,ProMaster 3500.
2023     RAM     1500 Classic.,,,,,,,,,2023,RAM,1500 Classic.
2023     RAM     ProMaster 2500 Window Van.,,,,,,,,,2023,RAM,ProMaster 2500 Window Van.
2023     Subaru     Crosstrek.,3,4.9,5,5,4.7,4.3,5,5,2023,Subaru,Crosstrek.
2023     Subaru     Legacy.,,,,,,,,,2023,Subaru,Legacy.
2023     Subaru     Impreza.,1,5,5,5,5,5,5,5,2023,Subaru,Impreza.
2023     Subaru     BRZ.,1,5,5,5,5,5,5,5,2023,Subaru,BRZ.
2023     Subaru     Outback.,12,4.6,4.7,4.4,4.3,4.8,4.8,4.8,2023,Subaru,Outback.
2023     Subaru     Forester.,2,5,5,5,5,5,4.5,5,2023,Subaru,Forester.
2023     Subaru     Ascent.,,,,,,,,,2023,Subaru,Ascent.
2023     Subaru     Crosstrek Hybrid.,,,,,,,,,2023,Subaru,Crosstrek Hybrid.
2023     Subaru     WRX.,,,,,,,,,2023,Subaru,WRX.
2023     Toyota     Corolla Hybrid.,,,,,,,,,2023,Toyota,Corolla Hybrid.
2023     Toyota     Tundra.,,,,,,,,,2023,Toyota,Tundra.
2023     Toyota     Highlander.,1,4.9,5,5,5,5,4,5,2023,Toyota,Highlander.
2023     Toyota     Tacoma.,2,3.5,4,4,3,3,4.5,3,2023,Toyota,Tacoma.
2023     Toyota     4Runner.,4,5,5,5,4.8,5,5,5,2023,Toyota,4Runner.
2023     Toyota     Camry.,5,4.9,5,4.6,5,4.8,4.8,5,2023,Toyota,Camry.
2023     Toyota     Camry Hybrid.,,,,,,,,,2023,Toyota,Camry Hybrid.
2023     Toyota     RAV4 Prime.,,,,,,,,,2023,Toyota,RAV4 Prime.
2023     Toyota     Sienna.,1,5,5,5,5,5,5,5,2023,Toyota,Sienna.
2023     Toyota     Corolla Cross.,,,,,,,,,2023,Toyota,Corolla Cross.
2023     Toyota     Tundra Hybrid.,,,,,,,,,2023,Toyota,Tundra Hybrid.
2023     Toyota     Sequoia.,5,4.3,4.4,4.4,4.6,3.8,4.4,4.6,2023,Toyota,Sequoia.
2023     Toyota     RAV4.,3,3.9,4,4,3.7,3.7,4,4,2023,Toyota,RAV4.
2023     Toyota     Corolla.,,,,,,,,,2023,Toyota,Corolla.
2023     Toyota     RAV4 Hybrid.,,,,,,,,,2023,Toyota,RAV4 Hybrid.
2023     Toyota     Venza.,,,,,,,,,2023,Toyota,Venza.
2023     Toyota     Highlander Hybrid.,1,4.9,5,4,5,5,5,5,2023,Toyota,Highlander Hybrid.
2023     Toyota     GR86.,2,4.8,5,5,4.5,5,5,4.5,2023,Toyota,GR86.
2023     Toyota     Prius.,,,,,,,,,2023,Toyota,Prius.
2023     Toyota     Supra.,,,,,,,,,2023,Toyota,Supra.
2023     Toyota     Corolla Hatchback.,,,,,,,,,2023,Toyota,Corolla Hatchback.
2023     Toyota     Crown.,1,3.6,3,4,3,3,4,4,2023,Toyota,Crown.
2023     Volkswagen     Taos.,1,5,5,5,5,5,5,5,2023,Volkswagen,Taos.
2023     Volkswagen     Tiguan.,2,5,5,5,5,5,5,5,2023,Volkswagen,Tiguan.
2023     Volkswagen     Jetta GLI.,1,4.9,5,5,5,5,4,5,2023,Volkswagen,Jetta GLI.
2023     Volkswagen     Atlas Cross Sport.,,,,,,,,,2023,Volkswagen,Atlas Cross Sport.
2023     Volkswagen     Jetta.,,,,,,,,,2023,Volkswagen,Jetta.
2023     Volkswagen     Arteon.,,,,,,,,,2023,Volkswagen,Arteon.
2023     Volkswagen     Atlas.,,,,,,,,,2023,Volkswagen,Atlas.
2023     Volkswagen     Golf GTI.,,,,,,,,,2023,Volkswagen,Golf GTI.
2023     Volkswagen     ID.4.,2,4.8,5,5,4.5,5,5,4.5,2023,Volkswagen,ID.4.
2023     Volkswagen     Golf R.,,,,,,,,,2023,Volkswagen,Golf R.
2023     Volvo     XC60 Recharge Plug-In Hybrid.,,,,,,,,,2023,Volvo,XC60 Recharge Plug-In Hybrid.
2023     Volvo     V60 Cross Country.,,,,,,,,,2023,Volvo,V60 Cross Country.
2023     Volvo     S60.,,,,,,,,,2023,Volvo,S60.
2023     Volvo     XC60.,2,5,5,5,5,5,5,5,2023,Volvo,XC60.
2023     Volvo     XC40.,2,4.2,4.5,4,4,3.5,4.5,4.5,2023,Volvo,XC40.
2023     Volvo     XC90 Recharge Plug-In Hybrid.,,,,,,,,,2023,Volvo,XC90 Recharge Plug-In Hybrid.
2023     Volvo     XC90.,,,,,,,,,2023,Volvo,XC90.
2023     Volvo     V90 Cross Country.,,,,,,,,,2023,Volvo,V90 Cross Country.
2023     Volvo     S90.,,,,,,,,,2023,Volvo,S90.
2023     Volvo     V60 Recharge Plug-In Hybrid.,,,,,,,,,2023,Volvo,V60 Recharge Plug-In Hybrid.
2023     Volvo     S60 Recharge Plug-In Hybrid.,,,,,,,,,2023,Volvo,S60 Recharge Plug-In Hybrid.
2023     Volvo     S90 Recharge Plug-In Hybrid.,,,,,,,,,2023,Volvo,S90 Recharge Plug-In Hybrid.
2022     Acura     TLX.,3,4.8,4.3,4.3,4.7,5,5,5,2022,Acura,TLX.
2022     Acura     MDX.,19,4.7,4.8,4.6,4.7,4.6,4.9,4.6,2022,Acura,MDX.
2022     Acura     RDX.,2,4.8,5,5,4.5,5,4.5,5,2022,Acura,RDX.
2022     Acura     ILX.,,,,,,,,,2022,Acura,ILX.
2022     Acura     NSX.,,,,,,,,,2022,Acura,NSX.
2022     Audi     Q3.,1,4.6,5,4,4,5,5,5,2022,Audi,Q3.
2022     Audi     S5.,,,,,,,,,2022,Audi,S5.
2022     Audi     S4.,,,,,,,,,2022,Audi,S4.
2022     Audi     Q7.,2,4.2,4.5,4.5,4,4,4,4,2022,Audi,Q7.
2022     Audi     RS 5.,,,,,,,,,2022,Audi,RS 5.
2022     Audi     SQ7.,,,,,,,,,2022,Audi,SQ7.
2022     Audi     SQ5.,,,,,,,,,2022,Audi,SQ5.
2022     Audi     Q8.,1,4.9,5,5,5,4,5,5,2022,Audi,Q8.
2022     Audi     A6.,,,,,,,,,2022,Audi,A6.
2022     Audi     S6.,,,,,,,,,2022,Audi,S6.
2022     Audi     TT.,,,,,,,,,2022,Audi,TT.
2022     Audi     Q5.,2,4.9,5,5,5,4,5,5,2022,Audi,Q5.
2022     Audi     R8.,,,,,,,,,2022,Audi,R8.
2022     Audi     A4.,1,4.9,5,5,5,4,5,5,2022,Audi,A4.
2022     Audi     A8.,1,5,5,5,5,5,5,5,2022,Audi,A8.
2022     Audi     A6 allroad.,,,,,,,,,2022,Audi,A6 allroad.
2022     Audi     RS Q8.,,,,,,,,,2022,Audi,RS Q8.
2022     Audi     A3.,2,5,5,5,5,5,5,5,2022,Audi,A3.
2022     Audi     A4 allroad.,,,,,,,,,2022,Audi,A4 allroad.
2022     Audi     e-tron GT.,,,,,,,,,2022,Audi,e-tron GT.
2022     Audi     A5.,,,,,,,,,2022,Audi,A5.
2022     Audi     S8.,,,,,,,,,2022,Audi,S8.
2022     Audi     TT RS.,,,,,,,,,2022,Audi,TT RS.
2022     Audi     S3.,,,,,,,,,2022,Audi,S3.
2022     Audi     RS e-tron GT.,,,,,,,,,2022,Audi,RS e-tron GT.
2022     Audi     A7.,,,,,,,,,2022,Audi,A7.
2022     Audi     RS 6 Avant.,,,,,,,,,2022,Audi,RS 6 Avant.
2022     Audi     RS 7.,2,4.9,5,5,5,4,5,5,2022,Audi,RS 7.
2022     Audi     S7.,,,,,,,,,2022,Audi,S7.
2022     Audi     Q5 e.,2,4.8,5,5,5,4.5,5,4.5,2022,Audi,Q5 e.
2022     Audi     e-tron.,,,,,,,,,2022,Audi,e-tron.
2022     Audi     Q4 e-tron.,2,4.2,4,4.5,4,3.5,5,4,2022,Audi,Q4 e-tron.
2022     Audi     RS 3.,1,5,5,5,5,5,5,5,2022,Audi,RS 3.
2022     BMW     M550.,1,4.9,5,5,5,4,5,5,2022,BMW,M550.
2022     BMW     430 Gran Coupe.,2,5,5,5,5,5,5,5,2022,BMW,430 Gran Coupe.
2022     BMW     M5.,,,,,,,,,2022,BMW,M5.
2022     BMW     X3.,,,,,,,,,2022,BMW,X3.
2022     BMW     Z4.,,,,,,,,,2022,BMW,Z4.
2022     BMW     M4.,,,,,,,,,2022,BMW,M4.
2022     BMW     M340.,,,,,,,,,2022,BMW,M340.
2022     BMW     X2.,2,4.8,5,4.5,5,4.5,4.5,5,2022,BMW,X2.
2022     BMW     X5 PHEV.,,,,,,,,,2022,BMW,X5 PHEV.
2022     BMW     X6.,,,,,,,,,2022,BMW,X6.
2022     BMW     330e.,2,5,5,5,4.5,5,5,5,2022,BMW,330e.
2022     BMW     540.,1,4.4,4,5,5,4,4,5,2022,BMW,540
2022     BMW     X7.,,,,,,,,,2022,BMW,X7.
2022     BMW     X5.,4,4.8,4.5,5,5,4.2,5,4.8,2022,BMW,X5.
2022     BMW     228 Gran Coupe.,,,,,,,,,2022,BMW,228 Gran Coupe.
2022     BMW     530.,,,,,,,,,2022,BMW,530
2022     BMW     740.,,,,,,,,,2022,BMW,740
2022     BMW     430.,,,,,,,,,2022,BMW,430
2022     BMW     M3.,2,5,5,5,5,4.5,5,5,2022,BMW,M3.
2022     BMW     X3 M.,1,5,5,5,5,5,5,5,2022,BMW,X3 M.
2022     BMW     750.,,,,,,,,,2022,BMW,750
2022     BMW     M8.,,,,,,,,,2022,BMW,M8.
2022     BMW     M440 Gran Coupe.,,,,,,,,,2022,BMW,M440 Gran Coupe.
2022     BMW     330.,,,,,,,,,2022,BMW,330
2022     BMW     M240.,1,5,5,5,5,5,5,5,2022,BMW,M240.
2022     BMW     X5 M.,,,,,,,,,2022,BMW,X5 M.
2022     BMW     M235 Gran Coupe.,,,,,,,,,2022,BMW,M235 Gran Coupe.
2022     BMW     840.,,,,,,,,,2022,BMW,840
2022     BMW     230.,,,,,,,,,2022,BMW,230
2022     BMW     X6 M.,1,4.6,5,4,5,4,5,5,2022,BMW,X6 M.
2022     BMW     M440.,,,,,,,,,2022,BMW,M440.
2022     BMW     M850 Gran Coupe.,,,,,,,,,2022,BMW,M850 Gran Coupe.
2022     BMW     X1.,2,5,5,5,5,5,5,5,2022,BMW,X1.
2022     BMW     ALPINA B8 Gran Coupe.,,,,,,,,,2022,BMW,ALPINA B8 Gran Coupe.
2022     BMW     840 Gran Coupe.,,,,,,,,,2022,BMW,840 Gran Coupe.
2022     BMW     X4 M.,,,,,,,,,2022,BMW,X4 M.
2022     BMW     ALPINA B7.,,,,,,,,,2022,BMW,ALPINA B7.
2022     BMW     X4.,,,,,,,,,2022,BMW,X4.
2022     BMW     530e.,,,,,,,,,2022,BMW,530e.
2022     BMW     M760.,,,,,,,,,2022,BMW,M760.
2022     BMW     M850.,,,,,,,,,2022,BMW,M850.
2022     BMW     745e.,,,,,,,,,2022,BMW,745e.
2022     Buick     Enclave.,4,5,5,5,5,5,5,5,2022,Buick,Enclave.
2022     Buick     Encore.,3,4.1,4.3,4,3.7,3.7,4.7,4.7,2022,Buick,Encore.
2022     Buick     Envision.,5,4.8,4.6,4.8,4.6,4.8,5,5,2022,Buick,Envision.
2022     Buick     Encore GX.,4,4.8,5,4.8,4.8,4.8,4.8,4.8,2022,Buick,Encore GX.
2022     Cadillac     Escalade.,4,4.2,4.5,4.2,4,4,4.2,4.5,2022,Cadillac,Escalade.
2022     Cadillac     CT5.,4,4.4,4.2,4,4.5,4,4.8,4.5,2022,Cadillac,CT5.
2022     Cadillac     XT4.,1,4,5,4,3,3,5,4,2022,Cadillac,XT4.
2022     Cadillac     XT5.,1,5,5,5,5,5,5,5,2022,Cadillac,XT5.
2022     Cadillac     CT5-V.,1,5,5,5,5,5,5,5,2022,Cadillac,CT5-V.
2022     Cadillac     CT4.,2,4.8,5,4.5,5,4.5,5,5,2022,Cadillac,CT4.
2022     Cadillac     CT4-V.,,,,,,,,,2022,Cadillac,CT4-V.
2022     Cadillac     XT6.,,,,,,,,,2022,Cadillac,XT6.
2022     Cadillac     Escalade ESV.,,,,,,,,,2022,Cadillac,Escalade ESV.
2022     Chevrolet     Corvette.,8,4.3,4.1,4,4.6,4.4,4.4,4.2,2022,Chevrolet,Corvette.
2022     Chevrolet     Colorado.,11,4.5,4.5,4.4,4.4,4.3,4.8,4.4,2022,Chevrolet,Colorado.
2022     Chevrolet     Silverado 1500.,3,4.8,5,5,5,4.3,4.7,4.7,2022,Chevrolet,Silverado 1500.
2022     Chevrolet     Silverado 1500 Limited.,,,,,,,,,2022,Chevrolet,Silverado 1500 Limited.
2022     Chevrolet     Equinox.,10,4.2,4.3,4.1,4.2,4.1,4.5,4.2,2022,Chevrolet,Equinox.
2022     Chevrolet     Silverado 2500.,,,,,,,,,2022,Chevrolet,Silverado 2500.
2022     Chevrolet     Trax.,3,4.6,4.3,4.7,4.7,4.7,4.7,4.7,2022,Chevrolet,Trax.
2022     Chevrolet     Silverado 3500.,,,,,,,,,2022,Chevrolet,Silverado 3500.
2022     Chevrolet     Blazer.,6,4.8,4.8,4.8,5,4.3,5,5,2022,Chevrolet,Blazer.
2022     Chevrolet     Camaro.,6,4.6,4.5,4.5,4.8,4.7,4.7,4.5,2022,Chevrolet,Camaro.
2022     Chevrolet     Malibu.,6,4.4,4.7,4.2,4.3,4.3,4.3,4.8,2022,Chevrolet,Malibu.
2022     Chevrolet     Trailblazer.,3,4.3,4,5,5,3.7,4.7,4.7,2022,Chevrolet,Trailblazer.
2022     Chevrolet     Traverse.,4,2.9,3.5,2.5,3.5,2,3.8,2.8,2022,Chevrolet,Traverse.
2022     Chevrolet     Express 2500.,,,,,,,,,2022,Chevrolet,Express 2500.
2022     Chevrolet     Tahoe.,3,4.9,5,4.7,5,5,4.7,5,2022,Chevrolet,Tahoe.
2022     Chevrolet     Suburban.,3,5,5,5,5,5,5,5,2022,Chevrolet,Suburban.
2022     Chevrolet     Spark.,1,4.7,5,4,5,4,5,5,2022,Chevrolet,Spark.
2022     Chevrolet     Express 3500.,,,,,,,,,2022,Chevrolet,Express 3500.
2022     Chrysler     Pacifica.,4,3.7,4,3.8,3.8,3.2,3.5,3.8,2022,Chrysler,Pacifica.
2022     Chrysler     Pacifica Hybrid.,,,,,,,,,2022,Chrysler,Pacifica Hybrid.
2022     Chrysler     300.,1,5,5,5,5,5,5,5,2022,Chrysler,300
2022     Chrysler     Voyager.,,,,,,,,,2022,Chrysler,Voyager.
2022     Dodge     Durango.,2,4.4,4.5,4.5,5,4,4,4.5,2022,Dodge,Durango.
2022     Dodge     Challenger.,10,4.9,4.9,4.7,4.9,4.8,5,5,2022,Dodge,Challenger.
2022     Dodge     Charger.,2,5,5,5,5,5,5,5,2022,Dodge,Charger.
2022     Ford     Mustang.,2,4.5,4,4,5,4,5,4.5,2022,Ford,Mustang.
2022     Ford     F-350.,,,,,,,,,2022,Ford,F-350.
2022     Ford     Shelby GT500.,,,,,,,,,2022,Ford,Shelby GT500.
2022     Ford     F-150.,5,4.8,5,4.6,4.8,4.6,5,4.6,2022,Ford,F-150.
2022     Ford     Explorer.,13,4.3,4.3,4.1,4.5,4,4.7,4.5,2022,Ford,Explorer.
2022     Ford     F-250.,2,4.7,5,5,5,5,5,3,2022,Ford,F-250.
2022     Ford     EcoSport.,2,2.9,3,3,2.5,3,2.5,3,2022,Ford,EcoSport.
2022     Ford     Bronco.,10,4.6,4.6,4.7,4.8,4.2,4.9,4.3,2022,Ford,Bronco.
2022     Ford     Expedition.,,,,,,,,,2022,Ford,Expedition.
2022     Ford     Escape.,9,3.4,3.3,3.3,3.6,3.4,3.7,3.4,2022,Ford,Escape.
2022     Ford     Bronco Sport.,10,4.6,4.5,4.6,4.3,4.6,4.6,4.6,2022,Ford,Bronco Sport.
2022     Ford     Escape PHEV.,2,5,5,5,5,5,5,5,2022,Ford,Escape PHEV.
2022     Ford     Ranger.,5,4.1,4.4,4,4,3.6,4.6,4.2,2022,Ford,Ranger.
2022     Ford     Transit Connect.,,,,,,,,,2022,Ford,Transit Connect.
2022     Ford     Maverick.,32,4.5,4.5,4.5,4.6,4.6,4.5,4.6,2022,Ford,Maverick.
2022     Ford     Edge.,10,4.7,4.8,4.5,4.7,4.4,4.7,4.8,2022,Ford,Edge.
2022     Ford     Expedition Max.,,,,,,,,,2022,Ford,Expedition Max.
2022     Ford     F-450.,1,4.4,5,5,2,5,5,5,2022,Ford,F-450.
2022     Ford     Transit-250.,,,,,,,,,2022,Ford,Transit-250.
2022     GMC     Canyon.,7,4.4,4.1,4.1,4.6,4.1,4.7,4.4,2022,GMC,Canyon.
2022     GMC     Yukon.,1,5,5,5,5,5,5,5,2022,GMC,Yukon.
2022     GMC     Sierra 1500.,2,5,5,5,5,4.5,5,5,2022,GMC,Sierra 1500.
2022     GMC     Terrain.,10,4.1,4.4,4.1,3.8,3.8,4.3,4.1,2022,GMC,Terrain.
2022     GMC     Sierra 2500.,2,4.6,5,4.5,4,4,5,5,2022,GMC,Sierra 2500.
2022     GMC     Sierra 1500 Limited.,,,,,,,,,2022,GMC,Sierra 1500 Limited.
2022     GMC     Acadia.,3,4.9,5,4.7,5,4.7,5,5,2022,GMC,Acadia.
2022     GMC     Savana 2500.,,,,,,,,,2022,GMC,Savana 2500.
2022     GMC     Yukon XL.,,,,,,,,,2022,GMC,Yukon XL.
2022     GMC     Sierra 3500.,2,3.7,4,2.5,4,3,4.5,4,2022,GMC,Sierra 3500.
2022     GMC     Savana 3500.,,,,,,,,,2022,GMC,Savana 3500.
2022     Honda     Pilot.,4,5,5,5,5,5,5,5,2022,Honda,Pilot.
2022     Honda     Accord.,4,5,5,5,5,5,5,5,2022,Honda,Accord.
2022     Honda     Civic.,7,4.6,4.6,4.9,4.4,4.6,4.6,4.7,2022,Honda,Civic.
2022     Honda     Ridgeline.,7,4.8,5,4.9,4.9,4.3,4.7,5,2022,Honda,Ridgeline.
2022     Honda     HR-V.,5,3.8,3.8,3.2,3.6,3.6,4.2,4.2,2022,Honda,HR-V.
2022     Honda     CR-V.,11,4.8,4.9,4.8,4.7,4.8,4.7,4.9,2022,Honda,CR-V.
2022     Honda     Passport.,9,4.9,5,5,4.8,4.8,4.9,5,2022,Honda,Passport.
2022     Honda     Accord Hybrid.,9,5,4.9,5,5,4.9,4.9,5,2022,Honda,Accord Hybrid.
2022     Honda     CR-V Hybrid.,12,4.7,4.6,4.9,4.5,4.6,4.8,4.7,2022,Honda,CR-V Hybrid.
2022     Honda     Odyssey.,9,4.3,4.3,4.4,4.3,4.1,4.3,4.3,2022,Honda,Odyssey.
2022     Honda     Insight.,,,,,,,,,2022,Honda,Insight.
2022     Honda     Civic Si.,4,4.5,4.2,4,4.5,4.2,4.5,5,2022,Honda,Civic Si.
2022     Hyundai     Elantra.,5,4.2,4,4.4,4,4.2,4.6,4,2022,Hyundai,Elantra.
2022     Hyundai     Santa Fe.,7,4.6,4.7,4.7,4.3,4.6,4.9,4.4,2022,Hyundai,Santa Fe.
2022     Hyundai     Elantra HEV.,,,,,,,,,2022,Hyundai,Elantra HEV.
2022     Hyundai     Palisade.,4,4.8,5,5,4.8,4.8,4.8,4.8,2022,Hyundai,Palisade.
2022     Hyundai     Kona N.,4,4.8,4,5,5,4.5,5,5,2022,Hyundai,Kona N.
2022     Hyundai     Tucson.,43,4.6,4.8,4.8,4.2,4.5,4.8,4.4,2022,Hyundai,Tucson.
2022     Hyundai     Santa Cruz.,24,4.3,4.5,4.1,4.4,3.9,4.7,4.2,2022,Hyundai,Santa Cruz.
2022     Hyundai     Elantra N.,2,5,5,4.5,5,5,5,5,2022,Hyundai,Elantra N.
2022     Hyundai     Kona.,12,4.3,4.2,4.1,4.2,4.4,4.6,4.3,2022,Hyundai,Kona.
2022     Hyundai     Tucson Hybrid.,10,4.8,4.9,4.9,4.4,4.8,5,4.9,2022,Hyundai,Tucson Hybrid.
2022     Hyundai     Sonata.,6,4.4,4.7,4.7,4.3,4.2,4.7,4.3,2022,Hyundai,Sonata.
2022     Hyundai     Tucson Plug-In Hybrid.,2,4.1,4,5,3.5,3.5,5,3.5,2022,Hyundai,Tucson Plug-In Hybrid.
2022     Hyundai     Venue.,13,4.8,4.4,4.8,4.8,4.8,4.9,4.8,2022,Hyundai,Venue.
2022     Hyundai     Santa Fe HEV.,1,5,5,5,5,5,5,5,2022,Hyundai,Santa Fe HEV.
2022     Hyundai     Accent.,5,4.3,4,4,4.6,4.2,4.4,4.6,2022,Hyundai,Accent.
2022     Hyundai     Veloster N.,,,,,,,,,2022,Hyundai,Veloster N.
2022     Hyundai     Sonata Hybrid.,2,5,5,5,5,4.5,5,5,2022,Hyundai,Sonata Hybrid.
2022     Hyundai     IONIQ Hybrid.,1,4.6,5,4,5,5,3,5,2022,Hyundai,IONIQ Hybrid.
2022     Hyundai     Santa Fe Plug-In Hybrid.,6,4.7,5,4.7,4.3,4.2,4.7,5,2022,Hyundai,Santa Fe Plug-In Hybrid.
2022     INFINITI     Q60.,,,,,,,,,2022,INFINITI,Q60.
2022     INFINITI     QX80.,1,4.7,5,5,5,4,4,5,2022,INFINITI,QX80.
2022     INFINITI     QX50.,,,,,,,,,2022,INFINITI,QX50.
2022     INFINITI     QX60.,3,5,5,5,5,4.7,5,5,2022,INFINITI,QX60.
2022     INFINITI     QX55.,4,4.4,4.5,4.5,4.2,4.2,4.8,4,2022,INFINITI,QX55.
2022     INFINITI     Q50.,,,,,,,,,2022,INFINITI,Q50.
2022     Jaguar     XF.,,,,,,,,,2022,Jaguar,XF.
2022     Jaguar     F-PACE.,,,,,,,,,2022,Jaguar,F-PACE.
2022     Jaguar     I-PACE.,2,2.8,2.5,3,3,2,3,3,2022,Jaguar,I-PACE.
2022     Jaguar     F-TYPE.,,,,,,,,,2022,Jaguar,F-TYPE.
2022     Jaguar     E-PACE.,,,,,,,,,2022,Jaguar,E-PACE.
2022     Jeep     Wrangler Unlimited.,7,4.8,4.7,4.7,4.9,4.6,5,4.9,2022,Jeep,Wrangler Unlimited.
2022     Jeep     Gladiator.,8,4.9,4.9,4.8,5,4.9,4.9,4.9,2022,Jeep,Gladiator.
2022     Jeep     Grand Wagoneer.,2,5,5,5,5,4.5,5,5,2022,Jeep,Grand Wagoneer.
2022     Jeep     Grand Cherokee WK.,6,4.6,4.8,4.8,4.5,4.5,4.8,4.5,2022,Jeep,Grand Cherokee WK.
2022     Jeep     Grand Cherokee.,4,4.6,5,4.8,4.5,4.5,4.5,4.5,2022,Jeep,Grand Cherokee.
2022     Jeep     Wagoneer.,,,,,,,,,2022,Jeep,Wagoneer.
2022     Jeep     Renegade.,6,3.2,3.8,4,2.5,2.5,4.2,3,2022,Jeep,Renegade.
2022     Jeep     Grand Cherokee 4xe.,2,4,5,5,3,3,5,4,2022,Jeep,Grand Cherokee 4xe.
2022     Jeep     Wrangler Unlimited 4xe.,3,4.1,4,4,4.7,3.3,5,3.7,2022,Jeep,Wrangler Unlimited 4xe.
2022     Jeep     Compass.,13,4.6,4.8,4.6,3.9,4.3,4.9,4.8,2022,Jeep,Compass.
2022     Jeep     Cherokee.,5,4.3,4.4,4.4,4.8,4,4.4,3.8,2022,Jeep,Cherokee.
2022     Jeep     Grand Cherokee L.,9,3.8,4.3,4.2,3.4,3.3,4.3,3.6,2022,Jeep,Grand Cherokee L.
2022     Jeep     Wrangler.,4,4.1,3.8,4.2,4,3.5,4.2,4.2,2022,Jeep,Wrangler.
2022     Kia     Rio.,5,4.5,4.4,4.2,4.2,4.8,4.6,5,2022,Kia,Rio.
2022     Kia     Telluride.,12,4.6,4.9,4.8,4.4,4.6,4.8,4,2022,Kia,Telluride.
2022     Kia     Sorento.,4,4.1,4.5,4.2,3.8,4,4.2,4,2022,Kia,Sorento.
2022     Kia     Carnival.,10,4.6,4.7,4.6,4.5,4.5,4.4,4.8,2022,Kia,Carnival.
2022     Kia     Forte.,11,4.8,4.6,4.7,4.6,4.8,4.8,4.8,2022,Kia,Forte.
2022     Kia     Soul.,8,4.1,4.1,4.1,4.2,4,4.6,3.5,2022,Kia,Soul.
2022     Kia     Niro.,3,4.6,4,4.7,3.7,5,5,4.7,2022,Kia,Niro.
2022     Kia     K5.,7,4.5,4.4,4.3,4.6,4.4,4.7,4.7,2022,Kia,K5.
2022     Kia     Sorento Plug-In Hybrid.,4,4.9,5,5,5,4,5,5,2022,Kia,Sorento Plug-In Hybrid.
2022     Kia     Stinger.,4,4.8,5,4.8,4.8,4.8,5,4.8,2022,Kia,Stinger.
2022     Kia     Seltos.,2,4.5,4.5,4.5,4,5,5,4.5,2022,Kia,Seltos.
2022     Kia     Sportage.,8,4.8,4.9,4.6,4.8,4.6,5,4.6,2022,Kia,Sportage.
2022     Kia     Niro Plug-In Hybrid.,2,4.6,5,4.5,4.5,5,4.5,4.5,2022,Kia,Niro Plug-In Hybrid.
2022     Kia     Sorento Hybrid.,2,4.8,5,5,4.5,4.5,5,5,2022,Kia,Sorento Hybrid.
2022     Land Rover     Discovery Sport.,,,,,,,,,2022,Land,Rover Discovery Sport.
2022     Land Rover     Range Rover Velar.,1,5,5,5,5,5,5,5,2022,Land,Rover Range Rover Velar.
2022     Land Rover     Range Rover Sport.,,,,,,,,,2022,Land,Rover Range Rover Sport.
2022     Land Rover     Range Rover Evoque.,,,,,,,,,2022,Land,Rover Range Rover Evoque.
2022     Land Rover     Range Rover.,,,,,,,,,2022,Land,Rover Range Rover.
2022     Land Rover     Defender.,1,4.3,4,5,5,3,5,4,2022,Land,Rover Defender.
2022     Land Rover     Discovery.,,,,,,,,,2022,Land,Rover Discovery.
2022     Lexus     RX 350L.,2,3.9,3.5,3.5,4,3,4.5,4.5,2022,Lexus,RX 350L.
2022     Lexus     RC F.,,,,,,,,,2022,Lexus,RC F.
2022     Lexus     RX 350.,6,4.2,4.8,4.8,4,3.3,5,3.7,2022,Lexus,RX 350.
2022     Lexus     LS 500.,,,,,,,,,2022,Lexus,LS 500.
2022     Lexus     NX 450h+.,,,,,,,,,2022,Lexus,NX 450h+.
2022     Lexus     RC 350.,,,,,,,,,2022,Lexus,RC 350.
2022     Lexus     RX 450h.,,,,,,,,,2022,Lexus,RX 450h.
2022     Lexus     IS 350.,,,,,,,,,2022,Lexus,IS 350.
2022     Lexus     ES 300h.,5,4.8,5,4.6,4.6,4.6,4.6,5,2022,Lexus,ES 300h.
2022     Lexus     RC 300.,,,,,,,,,2022,Lexus,RC 300.
2022     Lexus     ES 350.,5,4.4,4.4,4.4,4.4,4.6,4.6,4.6,2022,Lexus,ES 350.
2022     Lexus     GX 460.,5,4.6,4.4,4.4,4.2,4.6,4.6,5,2022,Lexus,GX 460.
2022     Lexus     LS 500h.,,,,,,,,,2022,Lexus,LS 500h.
2022     Lexus     NX 350.,5,4.4,4.8,4.6,4.6,3.6,4.6,4.8,2022,Lexus,NX 350.
2022     Lexus     NX 350h.,,,,,,,,,2022,Lexus,NX 350h.
2022     Lexus     NX 250.,,,,,,,,,2022,Lexus,NX 250.
2022     Lexus     LX 600.,,,,,,,,,2022,Lexus,LX 600.
2022     Lexus     ES 250.,,,,,,,,,2022,Lexus,ES 250.
2022     Lexus     IS 500.,1,4.1,5,3,3,4,5,5,2022,Lexus,IS 500.
2022     Lexus     RX 450hL.,,,,,,,,,2022,Lexus,RX 450hL.
2022     Lexus     UX 200.,3,4.9,5,4.7,4.7,5,5,5,2022,Lexus,UX 200.
2022     Lexus     UX 250h.,,,,,,,,,2022,Lexus,UX 250h.
2022     Lexus     IS 300.,,,,,,,,,2022,Lexus,IS 300.
2022     Lexus     LC 500.,,,,,,,,,2022,Lexus,LC 500.
2022     Lincoln     Nautilus.,2,4.5,5,5,4,4,5,4.5,2022,Lincoln,Nautilus.
2022     Lincoln     Navigator.,,,,,,,,,2022,Lincoln,Navigator.
2022     Lincoln     Navigator L.,,,,,,,,,2022,Lincoln,Navigator L.
2022     Lincoln     Aviator.,4,3.4,4.2,4,2.8,2.2,4.2,3,2022,Lincoln,Aviator.
2022     Lincoln     Corsair.,6,4.7,5,4.8,4.3,4.5,5,4.3,2022,Lincoln,Corsair.
2022     Mazda     CX-5.,14,4.5,4.6,4.5,4.3,4.5,4.6,4.6,2022,Mazda,CX-5.
2022     Mazda     Mazda3.,2,4.8,4,5,5,4.5,4.5,5,2022,Mazda,Mazda3.
2022     Mazda     MX-5 Miata RF.,3,4.9,4.7,4.7,5,4.7,5,5,2022,Mazda,MX-5 Miata RF.
2022     Mazda     CX-30.,6,4.7,4.7,4.7,4.8,4.7,4.8,4.8,2022,Mazda,CX-30.
2022     Mazda     CX-9.,3,4.2,4.3,4.3,4.3,4,4.7,4,2022,Mazda,CX-9.
2022     Mazda     MX-5 Miata.,2,4.9,4.5,5,5,4.5,5,5,2022,Mazda,MX-5 Miata.
2022     Mazda     MX-30.,1,4,4,5,3,3,5,5,2022,Mazda,MX-30.
2022     Mercedes-Benz     AMG SL 63.,,,,,,,,,2022,Mercedes-Benz,AMG SL 63.
2022     Mercedes-Benz     Sprinter 2500.,,,,,,,,,2022,Mercedes-Benz,Sprinter 2500.
2022     Mercedes-Benz     AMG G 63.,,,,,,,,,2022,Mercedes-Benz,AMG G 63.
2022     Mercedes-Benz     A-Class.,1,4.6,5,5,4,4,5,4,2022,Mercedes-Benz,A-Class.
2022     Mercedes-Benz     GLC 300.,3,4.5,5,5,4,4,5,4.3,2022,Mercedes-Benz,GLC 300.
2022     Mercedes-Benz     E-Class.,1,3.7,3,3,4,4,4,4,2022,Mercedes-Benz,E-Class.
2022     Mercedes-Benz     S-Class.,1,4.7,5,5,5,5,4,4,2022,Mercedes-Benz,S-Class.
2022     Mercedes-Benz     C-Class.,2,5,5,5,5,4.5,5,5,2022,Mercedes-Benz,C-Class.
2022     Mercedes-Benz     GLE 350.,2,5,5,5,5,4.5,5,5,2022,Mercedes-Benz,GLE 350.
2022     Mercedes-Benz     AMG GLC 43.,,,,,,,,,2022,Mercedes-Benz,AMG GLC 43.
2022     Mercedes-Benz     Sprinter 3500.,,,,,,,,,2022,Mercedes-Benz,Sprinter 3500.
2022     Mercedes-Benz     GLS 450.,,,,,,,,,2022,Mercedes-Benz,GLS 450.
2022     Mercedes-Benz     Sprinter 3500XD.,,,,,,,,,2022,Mercedes-Benz,Sprinter 3500XD.
2022     Mercedes-Benz     AMG GT 43.,,,,,,,,,2022,Mercedes-Benz,AMG GT 43.
2022     Mercedes-Benz     AMG GT 53.,1,4.4,4,5,5,3,5,4,2022,Mercedes-Benz,AMG GT 53.
2022     Mercedes-Benz     Metris.,,,,,,,,,2022,Mercedes-Benz,Metris.
2022     Mercedes-Benz     GLB 250.,4,4.9,4.8,5,4.8,4.8,4.8,5,2022,Mercedes-Benz,GLB 250.
2022     Mercedes-Benz     AMG GLE 63.,,,,,,,,,2022,Mercedes-Benz,AMG GLE 63.
2022     Mercedes-Benz     G-Class.,1,4.3,5,5,5,3,5,2,2022,Mercedes-Benz,G-Class.
2022     Mercedes-Benz     AMG SL 55.,,,,,,,,,2022,Mercedes-Benz,AMG SL 55.
2022     Mercedes-Benz     Maybach S 680.,,,,,,,,,2022,Mercedes-Benz,Maybach S 680.
2022     Mercedes-Benz     GLE 450.,1,4.6,5,5,5,2,5,5,2022,Mercedes-Benz,GLE 450.
2022     Mercedes-Benz     CLA 250.,,,,,,,,,2022,Mercedes-Benz,CLA 250.
2022     Mercedes-Benz     GLA 250.,4,5,5,5,5,5,5,5,2022,Mercedes-Benz,GLA 250.
2022     Mercedes-Benz     AMG CLA 45.,,,,,,,,,2022,Mercedes-Benz,AMG CLA 45.
2022     Mercedes-Benz     AMG C 43.,,,,,,,,,2022,Mercedes-Benz,AMG C 43.
2022     Mercedes-Benz     CLS 450.,1,4.9,5,5,5,4,5,5,2022,Mercedes-Benz,CLS 450.
2022     Mercedes-Benz     AMG GLE 53.,2,3.8,4,4.5,3.5,3,5,3,2022,Mercedes-Benz,AMG GLE 53.
2022     Mercedes-Benz     AMG GLB 35.,,,,,,,,,2022,Mercedes-Benz,AMG GLB 35.
2022     Mercedes-Benz     AMG CLA 35.,,,,,,,,,2022,Mercedes-Benz,AMG CLA 35.
2022     Mercedes-Benz     Maybach S 580.,1,4.3,4,5,3,5,4,5,2022,Mercedes-Benz,Maybach S 580.
2022     Mercedes-Benz     Sprinter 1500.,,,,,,,,,2022,Mercedes-Benz,Sprinter 1500.
2022     Mercedes-Benz     AMG E 53.,,,,,,,,,2022,Mercedes-Benz,AMG E 53.
2022     Mercedes-Benz     AMG GLS 63.,,,,,,,,,2022,Mercedes-Benz,AMG GLS 63.
2022     Mercedes-Benz     AMG GLA 45.,,,,,,,,,2022,Mercedes-Benz,AMG GLA 45.
2022     Mercedes-Benz     AMG GLA 35.,,,,,,,,,2022,Mercedes-Benz,AMG GLA 35.
2022     Mercedes-Benz     Maybach GLS 600.,,,,,,,,,2022,Mercedes-Benz,Maybach GLS 600.
2022     Mitsubishi     Outlander Sport.,4,4.6,4.8,4.8,4.8,4.2,4.8,4.5,2022,Mitsubishi,Outlander Sport.
2022     Mitsubishi     Mirage.,3,4.5,4,4,4.7,5,4.7,4.7,2022,Mitsubishi,Mirage.
2022     Mitsubishi     Outlander.,29,4.1,4.2,4.2,3.8,4,4.2,4,2022,Mitsubishi,Outlander.
2022     Mitsubishi     Eclipse Cross.,7,4.7,4.9,4.9,4.6,4.7,4.9,4.6,2022,Mitsubishi,Eclipse Cross.
2022     Mitsubishi     Outlander PHEV.,1,4.7,5,4,5,5,4,5,2022,Mitsubishi,Outlander PHEV.
2022     Mitsubishi     Mirage G4.,,,,,,,,,2022,Mitsubishi,Mirage G4.
2022     Nissan     Frontier.,18,4.2,4.2,4.2,4.4,4.1,4.4,4.2,2022,Nissan,Frontier.
2022     Nissan     Altima.,6,4.9,5,4.8,5,4.8,5,5,2022,Nissan,Altima.
2022     Nissan     Kicks.,4,4,4,3.8,3.2,3.8,4.8,4.5,2022,Nissan,Kicks.
2022     Nissan     Armada.,,,,,,,,,2022,Nissan,Armada.
2022     Nissan     Sentra.,9,4.8,4.7,4.9,4.7,4.8,5,4.7,2022,Nissan,Sentra.
2022     Nissan     Pathfinder.,5,4.7,4.8,4.8,4.8,4.8,4.8,4.6,2022,Nissan,Pathfinder.
2022     Nissan     Rogue.,12,4.2,4.2,4.1,4.1,3.9,4.5,4.2,2022,Nissan,Rogue.
2022     Nissan     Murano.,,,,,,,,,2022,Nissan,Murano.
2022     Nissan     Rogue Sport.,6,4.5,4.2,4.3,4.7,4.3,4.7,4.5,2022,Nissan,Rogue Sport.
2022     Nissan     Maxima.,1,4.6,4,4,4,5,5,5,2022,Nissan,Maxima.
2022     Nissan     Titan XD.,,,,,,,,,2022,Nissan,Titan XD.
2022     Nissan     Titan.,4,3.6,4.8,4,3.2,3,4.5,3,2022,Nissan,Titan.
2022     Nissan     Versa.,2,5,5,5,4.5,5,5,5,2022,Nissan,Versa.
2022     Porsche     Cayenne.,,,,,,,,,2022,Porsche,Cayenne.
2022     Porsche     Panamera.,,,,,,,,,2022,Porsche,Panamera.
2022     Porsche     Macan.,,,,,,,,,2022,Porsche,Macan.
2022     Porsche     911.,1,4.9,5,5,5,4,5,5,2022,Porsche,911
2022     Porsche     Cayenne E-Hybrid.,,,,,,,,,2022,Porsche,Cayenne E-Hybrid.
2022     Porsche     718 Cayman.,1,4.9,5,5,5,4,5,5,2022,Porsche,718 Cayman.
2022     Porsche     718 Boxster.,,,,,,,,,2022,Porsche,718 Boxster.
2022     Porsche     Cayenne E-Hybrid Coupe.,,,,,,,,,2022,Porsche,Cayenne E-Hybrid Coupe.
2022     Porsche     Panamera E-Hybrid.,1,4.4,5,5,5,3,5,4,2022,Porsche,Panamera E-Hybrid.
2022     Porsche     718 Spyder.,,,,,,,,,2022,Porsche,718 Spyder.
2022     Porsche     Panamera E-Hybrid Sport Turismo.,,,,,,,,,2022,Porsche,Panamera E-Hybrid Sport Turismo.
2022     Porsche     Taycan Cross Turismo.,,,,,,,,,2022,Porsche,Taycan Cross Turismo.
2022     Porsche     Taycan.,,,,,,,,,2022,Porsche,Taycan.
2022     RAM     1500.,22,4.8,4.9,4.9,4.7,4.5,4.8,4.9,2022,RAM,1500
2022     RAM     3500.,,,,,,,,,2022,RAM,3500
2022     RAM     2500.,,,,,,,,,2022,RAM,2500
2022     RAM     1500 Classic.,1,4.6,5,4,4,4,5,5,2022,RAM,1500 Classic.
2022     RAM     ProMaster City.,,,,,,,,,2022,RAM,ProMaster City.
2022     RAM     ProMaster 1500.,,,,,,,,,2022,RAM,ProMaster 1500.
2022     RAM     ProMaster 2500.,,,,,,,,,2022,RAM,ProMaster 2500.
2022     RAM     ProMaster 3500 Window Van.,,,,,,,,,2022,RAM,ProMaster 3500 Window Van.
2022     Subaru     WRX.,3,4.6,4.7,4.3,5,5,3.3,5,2022,Subaru,WRX.
2022     Subaru     Ascent.,11,4.1,4.5,4.4,3.8,3.9,4,4.2,2022,Subaru,Ascent.
2022     Subaru     Forester.,12,4.9,4.8,4.8,4.7,5,4.8,5,2022,Subaru,Forester.
2022     Subaru     Outback.,26,4.3,4.5,4.3,4.3,4.2,4.5,4.4,2022,Subaru,Outback.
2022     Subaru     BRZ.,1,4.7,4,4,5,5,5,5,2022,Subaru,BRZ.
2022     Subaru     Legacy.,2,5,5,5,5,5,5,5,2022,Subaru,Legacy.
2022     Subaru     Impreza.,2,5,5,5,5,5,5,5,2022,Subaru,Impreza.
2022     Subaru     Crosstrek.,10,4.6,4.8,4.8,4.6,4.5,4.6,4.6,2022,Subaru,Crosstrek.
2022     Toyota     4Runner.,6,4.9,5,5,4.7,5,5,4.7,2022,Toyota,4Runner.
2022     Toyota     Tundra.,8,4.6,4.9,5,4.8,4.2,4.9,4.1,2022,Toyota,Tundra.
2022     Toyota     Camry.,1,5,5,5,5,5,5,5,2022,Toyota,Camry.
2022     Toyota     RAV4 Prime.,4,4.5,4.8,4.8,4.8,4.5,4.8,4,2022,Toyota,RAV4 Prime.
2022     Toyota     Highlander.,23,4.2,4.3,4.2,4.1,3.7,4.3,4.6,2022,Toyota,Highlander.
2022     Toyota     Prius Prime.,2,4.2,4,4,3,4.5,4,5,2022,Toyota,Prius Prime.
2022     Toyota     Highlander Hybrid.,5,4.8,4.8,4.8,4.6,4.8,4.6,5,2022,Toyota,Highlander Hybrid.
2022     Toyota     RAV4.,7,4.4,4.3,4.3,4.1,4.1,4.6,4.6,2022,Toyota,RAV4.
2022     Toyota     RAV4 Hybrid.,13,4.8,4.5,4.5,4.8,4.7,4.7,5,2022,Toyota,RAV4 Hybrid.
2022     Toyota     Tacoma.,8,4.6,4.5,4.6,4.6,4.4,4.8,4.8,2022,Toyota,Tacoma.
2022     Toyota     Sienna.,8,4.7,4.6,4.5,4.5,4.5,4.9,4.9,2022,Toyota,Sienna.
2022     Toyota     Avalon.,2,4.6,5,5,5,4,5,3.5,2022,Toyota,Avalon.
2022     Toyota     C-HR.,1,4.6,5,5,4,4,5,5,2022,Toyota,C-HR.
2022     Toyota     Corolla Cross.,10,3.9,4.1,4,3.4,3.6,4.5,4.2,2022,Toyota,Corolla Cross.
2022     Toyota     Corolla.,4,4.8,5,4.8,4.8,4.8,4.8,4.8,2022,Toyota,Corolla.
2022     Toyota     GR86.,,,,,,,,,2022,Toyota,GR86.
2022     Toyota     Sequoia.,,,,,,,,,2022,Toyota,Sequoia.
2022     Toyota     Camry Hybrid.,6,4.8,4.8,4.7,4.7,5,4.5,5,2022,Toyota,Camry Hybrid.
2022     Toyota     Prius.,2,4.3,4,5,5,4,3.5,4.5,2022,Toyota,Prius.
2022     Toyota     Tundra Hybrid.,3,3.5,3.7,3,3.7,3.3,3.7,3.7,2022,Toyota,Tundra Hybrid.
2022     Toyota     Corolla Hatchback.,2,4,4,3,4.5,4,4,4.5,2022,Toyota,Corolla Hatchback.
2022     Toyota     Avalon Hybrid.,,,,,,,,,2022,Toyota,Avalon Hybrid.
2022     Toyota     Supra.,6,2.8,2.7,2.8,3.3,2.5,3.2,2.7,2022,Toyota,Supra.
2022     Toyota     Venza.,10,4.1,4.4,4.1,3.8,3.7,4.4,4.3,2022,Toyota,Venza.
2022     Toyota     Corolla Hybrid.,6,4.8,4.5,4.7,4.8,4.8,4.8,5,2022,Toyota,Corolla Hybrid.
2022     Volkswagen     Arteon.,,,,,,,,,2022,Volkswagen,Arteon.
2022     Volkswagen     Tiguan.,7,3.7,4.3,4.1,3.3,3.3,4,3.6,2022,Volkswagen,Tiguan.
2022     Volkswagen     Atlas Cross Sport.,4,4.3,4.5,4,3.8,4.5,4.5,4.8,2022,Volkswagen,Atlas Cross Sport.
2022     Volkswagen     Atlas.,5,4.1,4.8,3.6,4,3.6,4.4,4.6,2022,Volkswagen,Atlas.
2022     Volkswagen     Taos.,19,4,4.4,4.1,3.8,3.7,4.4,3.8,2022,Volkswagen,Taos.
2022     Volkswagen     Golf R.,1,4.9,5,5,5,5,4,5,2022,Volkswagen,Golf R.
2022     Volkswagen     Passat.,3,4.2,4.3,4,4,4.3,4.3,4,2022,Volkswagen,Passat.
2022     Volkswagen     Jetta.,1,3.9,3,4,4,3,4,5,2022,Volkswagen,Jetta.
2022     Volkswagen     Jetta GLI.,1,5,5,5,5,5,5,5,2022,Volkswagen,Jetta GLI.
2022     Volkswagen     Golf GTI.,1,4.7,5,4,5,5,5,5,2022,Volkswagen,Golf GTI.
2022     Volvo     XC90.,2,5,5,5,5,5,5,5,2022,Volvo,XC90.
2022     Volvo     XC60 Recharge Plug-In Hybrid.,10,3.6,4.4,4.1,3.8,3,3.9,3.2,2022,Volvo,XC60 Recharge Plug-In Hybrid.
2022     Volvo     XC90 Recharge Plug-In Hybrid.,,,,,,,,,2022,Volvo,XC90 Recharge Plug-In Hybrid.
2022     Volvo     S90.,,,,,,,,,2022,Volvo,S90.
2022     Volvo     S60 Recharge Plug-In Hybrid.,,,,,,,,,2022,Volvo,S60 Recharge Plug-In Hybrid.
2022     Volvo     XC60.,3,2.6,4.3,4,2,1.3,4,1,2022,Volvo,XC60.
2022     Volvo     XC40.,4,4,4.5,4.5,3.8,3.5,4.5,3.8,2022,Volvo,XC40.
2022     Volvo     S60.,2,4.2,4,3.5,4,4,5,4,2022,Volvo,S60.
2022     Volvo     V90 Cross Country.,,,,,,,,,2022,Volvo,V90 Cross Country.
2022     Volvo     V60 Cross Country.,,,,,,,,,2022,Volvo,V60 Cross Country.
2021     Acura     ILX.,3,4.9,4.7,4.7,5,5,4.7,5,2021,Acura,ILX.
2021     Acura     TLX.,23,4.6,4.8,4.7,4.6,4.3,4.7,4.3,2021,Acura,TLX.
2021     Acura     RDX.,43,4.8,4.9,4.9,4.7,4.7,4.9,4.8,2021,Acura,RDX.
2021     Acura     NSX.,,,,,,,,,2021,Acura,NSX.
2021     Audi     S5.,3,4.9,5,5,5,4.3,5,5,2021,Audi,S5.
2021     Audi     RS 7.,3,5,5,5,5,4.7,5,5,2021,Audi,RS 7.
2021     Audi     SQ7.,3,5,5,5,5,5,5,5,2021,Audi,SQ7.
2021     Audi     SQ5.,,,,,,,,,2021,Audi,SQ5.
2021     Audi     A6 allroad.,2,5,5,5,5,4.5,5,5,2021,Audi,A6 allroad.
2021     Audi     TTS.,,,,,,,,,2021,Audi,TTS.
2021     Audi     RS 5.,2,4.9,5,5,5,4,5,5,2021,Audi,RS 5.
2021     Audi     SQ8.,,,,,,,,,2021,Audi,SQ8.
2021     Audi     Q5.,16,4.6,4.6,4.4,4.7,4.2,4.5,4.7,2021,Audi,Q5.
2021     Audi     A5.,7,4.8,5,4.7,5,4.7,4.9,4.4,2021,Audi,A5.
2021     Audi     S7.,,,,,,,,,2021,Audi,S7.
2021     Audi     Q3.,8,5,5,5,5,4.9,4.9,4.9,2021,Audi,Q3.
2021     Audi     A7.,,,,,,,,,2021,Audi,A7.
2021     Audi     RS Q8.,3,4.9,5,5,5,4.3,5,4.7,2021,Audi,RS Q8.
2021     Audi     Q8.,3,5,5,5,5,4.7,5,5,2021,Audi,Q8.
2021     Audi     TT.,,,,,,,,,2021,Audi,TT.
2021     Audi     A4.,4,5,5,5,5,5,4.8,5,2021,Audi,A4.
2021     Audi     S4.,1,5,5,5,5,5,5,5,2021,Audi,S4.
2021     Audi     A4 allroad.,2,4,4,4.5,3.5,4,4,4,2021,Audi,A4 allroad.
2021     Audi     Q7.,13,4.6,4.9,4.6,4.5,4.3,4.9,4.3,2021,Audi,Q7.
2021     Audi     RS 6 Avant.,1,4.7,5,5,5,3,5,5,2021,Audi,RS 6 Avant.
2021     Audi     S6.,1,5,5,5,5,5,5,5,2021,Audi,S6.
2021     Audi     A6.,3,5,5,5,5,5,5,5,2021,Audi,A6.
2021     Audi     A8.,1,5,5,5,5,5,5,5,2021,Audi,A8.
2021     Audi     R8.,1,5,5,5,5,5,5,5,2021,Audi,R8.
2021     Audi     e-tron.,3,5,5,5,5,5,5,5,2021,Audi,e-tron.
2021     Audi     TT RS.,2,4.8,4,5,5,4.5,5,5,2021,Audi,TT RS.
2021     Audi     Q5 e.,3,5,5,5,5,4.7,5,5,2021,Audi,Q5 e.
2021     Audi     S8.,,,,,,,,,2021,Audi,S8.
2021     Audi     A7 e.,1,4.9,5,5,5,4,5,5,2021,Audi,A7 e.
2021     BMW     X4 M.,2,5,5,5,5,4.5,5,5,2021,BMW,X4 M.
2021     BMW     X6.,6,4.8,5,5,4.7,4.5,5,4.7,2021,BMW,X6.
2021     BMW     750.,1,4.9,5,5,5,4,5,5,2021,BMW,750
2021     BMW     M2.,2,4.4,2.5,4,5,5,5,4.5,2021,BMW,M2.
2021     BMW     740.,2,5,5,5,5,5,5,5,2021,BMW,740
2021     BMW     228 Gran Coupe.,3,5,5,5,5,5,5,5,2021,BMW,228 Gran Coupe.
2021     BMW     530.,3,5,5,5,5,4.7,5,5,2021,BMW,530
2021     BMW     X3.,29,4.7,4.8,4.7,4.8,4.5,4.8,4.6,2021,BMW,X3.
2021     BMW     ALPINA XB7.,1,5,5,5,5,5,5,5,2021,BMW,ALPINA XB7.
2021     BMW     M4.,3,5,5,5,5,5,5,5,2021,BMW,M4.
2021     BMW     X3 PHEV.,8,4.4,4.9,4.8,4.8,4.1,4.4,3.8,2021,BMW,X3 PHEV.
2021     BMW     M760.,1,1,1,1,1,1,1,1,2021,BMW,M760.
2021     BMW     X5.,26,4.8,4.9,5,4.9,4.6,4.9,4.9,2021,BMW,X5.
2021     BMW     X1.,3,5,5,5,5,4.7,5,5,2021,BMW,X1.
2021     BMW     M850 Gran Coupe.,1,5,5,5,5,5,5,5,2021,BMW,M850 Gran Coupe.
2021     BMW     M3.,1,4.9,5,5,5,5,5,4,2021,BMW,M3.
2021     BMW     530e.,2,4.4,4.5,4.5,5,4,4.5,4,2021,BMW,530e.
2021     BMW     X4.,2,5,5,5,5,5,5,5,2021,BMW,X4.
2021     BMW     X5 M.,3,4.9,4.7,5,5,4.7,5,5,2021,BMW,X5 M.
2021     BMW     X7.,10,5,5,5,4.9,4.9,5,5,2021,BMW,X7.
2021     BMW     X6 M.,,,,,,,,,2021,BMW,X6 M.
2021     BMW     M8 Gran Coupe.,,,,,,,,,2021,BMW,M8 Gran Coupe.
2021     BMW     M440.,3,5,5,5,5,5,5,5,2021,BMW,M440.
2021     BMW     X3 M.,5,4.9,5,5,5,4.8,4.8,4.8,2021,BMW,X3 M.
2021     BMW     Z4.,1,4.4,4,5,5,4,4,4,2021,BMW,Z4.
2021     BMW     M550.,3,4.9,4.7,4.7,5,4.7,5,5,2021,BMW,M550.
2021     BMW     840 Gran Coupe.,,,,,,,,,2021,BMW,840 Gran Coupe.
2021     BMW     540.,4,4.9,5,5,5,4.8,5,4.8,2021,BMW,540
2021     BMW     430.,1,5,5,5,5,5,5,5,2021,BMW,430
2021     BMW     840.,,,,,,,,,2021,BMW,840
2021     BMW     330.,12,4.9,4.8,4.8,4.9,4.8,4.9,4.8,2021,BMW,330
2021     BMW     M235 Gran Coupe.,3,4.9,4.7,5,5,4.7,5,5,2021,BMW,M235 Gran Coupe.
2021     BMW     330e.,,,,,,,,,2021,BMW,330e.
2021     BMW     X2.,3,4.9,5,5,4.7,4.7,5,5,2021,BMW,X2.
2021     BMW     M5.,2,4.6,3.5,5,5,4,5,5,2021,BMW,M5.
2021     BMW     M340.,1,5,5,5,5,5,5,5,2021,BMW,M340.
2021     BMW     X5 PHEV.,6,4.5,4.7,4.5,4.8,4,4.3,4.7,2021,BMW,X5 PHEV.
2021     BMW     M850.,,,,,,,,,2021,BMW,M850.
2021     BMW     M240.,1,4.9,5,5,5,5,4,5,2021,BMW,M240.
2021     BMW     230.,1,5,5,5,5,5,5,5,2021,BMW,230
2021     Buick     Envision.,25,4.8,4.7,4.9,4.8,4.6,4.8,4.8,2021,Buick,Envision.
2021     Buick     Encore GX.,28,4.5,4.4,4.5,4.5,4.5,4.7,4.4,2021,Buick,Encore GX.
2021     Buick     Enclave.,18,4.8,4.9,4.7,4.9,4.6,4.9,4.7,2021,Buick,Enclave.
2021     Buick     Encore.,13,4.7,4.7,4.8,4.4,4.6,4.8,4.7,2021,Buick,Encore.
2021     Cadillac     XT4.,7,4.6,4.7,4.7,4.3,4.1,5,4.4,2021,Cadillac,XT4.
2021     Cadillac     Escalade ESV.,2,5,5,5,5,5,5,5,2021,Cadillac,Escalade ESV.
2021     Cadillac     CT4.,1,5,5,5,5,5,5,,2021,Cadillac,CT4.
2021     Cadillac     Escalade.,24,2.8,3.5,3.8,2.6,2.1,3.7,1.9,2021,Cadillac,Escalade.
2021     Cadillac     XT6.,10,4.9,4.8,4.9,4.8,4.8,5,5,2021,Cadillac,XT6.
2021     Cadillac     CT5.,13,4.9,5,4.8,4.9,4.9,5,4.9,2021,Cadillac,CT5.
2021     Cadillac     XT5.,16,4.8,4.9,4.8,4.8,4.6,4.9,4.7,2021,Cadillac,XT5.
2021     Chevrolet     Trailblazer.,92,4.8,4.7,4.8,4.7,4.7,4.9,4.6,2021,Chevrolet,Trailblazer.
2021     Chevrolet     Suburban.,12,4.5,4.9,4.9,4.2,4.3,4.8,4.2,2021,Chevrolet,Suburban.
2021     Chevrolet     Traverse.,38,4.8,4.8,4.7,4.8,4.8,4.9,4.9,2021,Chevrolet,Traverse.
2021     Chevrolet     Silverado 1500.,78,4.5,4.7,4.6,4.5,4.2,4.6,4.2,2021,Chevrolet,Silverado 1500.
2021     Chevrolet     Tahoe.,41,4.4,4.6,4.6,4.1,4.1,4.7,4.1,2021,Chevrolet,Tahoe.
2021     Chevrolet     Trax.,27,4.5,4.6,4.5,4.4,4.3,4.4,4.7,2021,Chevrolet,Trax.
2021     Chevrolet     Colorado.,46,4.7,4.7,4.6,4.7,4.6,4.8,4.6,2021,Chevrolet,Colorado.
2021     Chevrolet     Silverado 2500.,13,4.5,4.7,4.5,4.3,4.2,4.8,4.4,2021,Chevrolet,Silverado 2500.
2021     Chevrolet     Equinox.,69,4.8,4.8,4.8,4.7,4.7,4.8,4.7,2021,Chevrolet,Equinox.
2021     Chevrolet     Spark.,16,4.5,4,4.2,4.2,4.9,4.7,4.7,2021,Chevrolet,Spark.
2021     Chevrolet     Blazer.,36,4.7,4.8,4.9,4.7,4.5,4.9,4.6,2021,Chevrolet,Blazer.
2021     Chevrolet     Express 2500.,2,3.8,4.5,4.5,3.5,3.5,4,3,2021,Chevrolet,Express 2500.
2021     Chevrolet     Malibu.,8,4.9,5,5,4.9,4.9,5,4.9,2021,Chevrolet,Malibu.
2021     Chevrolet     Camaro.,12,4.6,4.3,4.2,4.8,4.6,4.9,4.5,2021,Chevrolet,Camaro.
2021     Chevrolet     Express 3500.,,,,,,,,,2021,Chevrolet,Express 3500.
2021     Chevrolet     Corvette.,14,4.9,4.9,4.9,5,5,4.9,4.9,2021,Chevrolet,Corvette.
2021     Chevrolet     Silverado 3500.,5,4.4,4.6,4.6,4.2,4.2,4.6,4.2,2021,Chevrolet,Silverado 3500.
2021     Chrysler     Pacifica.,19,4.3,4.6,4.5,4.4,4.1,4.5,4.1,2021,Chrysler,Pacifica.
2021     Chrysler     300.,4,5,5,5,5,5,5,5,2021,Chrysler,300
2021     Chrysler     Pacifica Hybrid.,18,4.1,4.4,4.4,4.1,3.8,4.4,3.5,2021,Chrysler,Pacifica Hybrid.
2021     Chrysler     Voyager.,1,5,5,5,5,5,5,5,2021,Chrysler,Voyager.
2021     Dodge     Charger.,23,4.9,5,4.8,5,4.8,4.9,5,2021,Dodge,Charger.
2021     Dodge     Challenger.,26,4.9,4.9,4.8,4.9,4.8,5,4.8,2021,Dodge,Challenger.
2021     Dodge     Durango.,28,4.7,4.9,4.9,4.7,4.4,4.9,4.8,2021,Dodge,Durango.
2021     Ford     Bronco Sport.,63,4.7,4.8,4.7,4.7,4.7,4.8,4.8,2021,Ford,Bronco Sport.
2021     Ford     F-150.,82,4.7,4.8,4.8,4.7,4.5,4.9,4.7,2021,Ford,F-150.
2021     Ford     Transit-250.,,,,,,,,,2021,Ford,Transit-250.
2021     Ford     Explorer.,66,4.7,4.8,4.7,4.8,4.6,4.8,4.7,2021,Ford,Explorer.
2021     Ford     Mustang.,8,4.9,4.8,4.8,5,4.9,4.9,5,2021,Ford,Mustang.
2021     Ford     F-250.,20,4.5,4.4,4.6,4.5,4.1,4.8,4.5,2021,Ford,F-250.
2021     Ford     EcoSport.,17,4.1,4.2,4.2,4,3.8,4.2,4,2021,Ford,EcoSport.
2021     Ford     Transit-350.,,,,,,,,,2021,Ford,Transit-350.
2021     Ford     Expedition.,3,4.3,4.7,4.7,4.3,3.7,4.7,4,2021,Ford,Expedition.
2021     Ford     Edge.,11,4.5,4.7,4.5,4.4,4.4,4.6,4.6,2021,Ford,Edge.
2021     Ford     Expedition Max.,,,,,,,,,2021,Ford,Expedition Max.
2021     Ford     Escape PHEV.,1,4.6,4,4,5,4,5,5,2021,Ford,Escape PHEV.
2021     Ford     Ranger.,31,4.8,4.8,4.7,4.9,4.8,4.9,4.8,2021,Ford,Ranger.
2021     Ford     Bronco.,11,4.5,4.5,4.1,4.7,4.7,4.5,4.6,2021,Ford,Bronco.
2021     Ford     Escape.,16,4.4,4.7,4.8,4.2,4.1,4.9,4.1,2021,Ford,Escape.
2021     Ford     Shelby GT500.,,,,,,,,,2021,Ford,Shelby GT500.
2021     Ford     F-350.,11,4.4,4.4,4.3,4.5,4.3,4.5,4.5,2021,Ford,F-350.
2021     Ford     Transit Connect.,4,4.8,4.8,4.8,4.8,4.8,5,4.5,2021,Ford,Transit Connect.
2021     GMC     Sierra 1500.,48,4,4.3,4.2,3.9,3.7,4.4,3.7,2021,GMC,Sierra 1500.
2021     GMC     Yukon XL.,3,4.9,5,5,5,4.3,5,5,2021,GMC,Yukon XL.
2021     GMC     Acadia.,41,4.8,5,4.9,4.8,4.7,5,4.8,2021,GMC,Acadia.
2021     GMC     Yukon.,26,4.1,4.3,4.5,4.3,3.5,4.7,3.6,2021,GMC,Yukon.
2021     GMC     Canyon.,15,4.1,4.1,4.1,4.2,3.9,4.6,3.9,2021,GMC,Canyon.
2021     GMC     Sierra 3500.,2,4.4,4.5,4.5,5,4,4.5,4,2021,GMC,Sierra 3500.
2021     GMC     Terrain.,21,4.7,4.7,4.8,4.5,4.5,4.8,4.7,2021,GMC,Terrain.
2021     GMC     Sierra 2500.,24,4.5,4.8,4.6,4.5,4.1,4.5,4.3,2021,GMC,Sierra 2500.
2021     GMC     Savana 2500.,2,4.8,5,5,5,4.5,5,4,2021,GMC,Savana 2500.
2021     GMC     Savana 3500.,,,,,,,,,2021,GMC,Savana 3500.
2021     Honda     Passport.,21,4.7,4.8,4.5,4.7,4.5,4.7,4.7,2021,Honda,Passport.
2021     Honda     Civic.,45,4.7,4.6,4.7,4.7,4.6,4.8,4.6,2021,Honda,Civic.
2021     Honda     Ridgeline.,28,4.7,4.9,4.7,4.7,4.5,4.9,4.6,2021,Honda,Ridgeline.
2021     Honda     Accord.,44,4.8,4.9,4.8,4.8,4.8,4.9,4.8,2021,Honda,Accord.
2021     Honda     Pilot.,64,4.8,4.9,4.8,4.8,4.7,4.7,4.8,2021,Honda,Pilot.
2021     Honda     Civic Type R.,5,4.9,5,4.8,5,4.8,4.8,5,2021,Honda,Civic Type R.
2021     Honda     Insight.,4,5,5,5,5,5,5,5,2021,Honda,Insight.
2021     Honda     CR-V.,115,4.9,4.9,4.8,4.8,4.8,4.9,4.9,2021,Honda,CR-V.
2021     Honda     Accord Hybrid.,15,4.5,4.7,4.5,4.5,4.4,4.6,4.4,2021,Honda,Accord Hybrid.
2021     Honda     Odyssey.,20,4.9,5,5,4.9,4.8,4.8,5,2021,Honda,Odyssey.
2021     Honda     HR-V.,45,4.7,4.7,4.6,4.6,4.7,4.7,4.8,2021,Honda,HR-V.
2021     Honda     CR-V Hybrid.,26,4.8,4.8,4.8,4.8,4.7,4.8,4.8,2021,Honda,CR-V Hybrid.
2021     Honda     Clarity Plug-In Hybrid.,,,,,,,,,2021,Honda,Clarity Plug-In Hybrid.
2021     Hyundai     Palisade.,92,4.9,4.9,4.9,4.8,4.8,4.9,4.8,2021,Hyundai,Palisade.
2021     Hyundai     Sonata.,46,4.8,4.8,4.8,4.7,4.8,4.9,4.8,2021,Hyundai,Sonata.
2021     Hyundai     Kona.,49,5,5,4.9,4.9,5,4.9,5,2021,Hyundai,Kona.
2021     Hyundai     Santa Fe.,37,4.6,4.8,4.7,4.4,4.5,4.8,4.6,2021,Hyundai,Santa Fe.
2021     Hyundai     Tucson.,85,4.8,4.8,4.8,4.8,4.7,4.8,4.8,2021,Hyundai,Tucson.
2021     Hyundai     Elantra.,33,4.8,4.8,4.8,4.7,4.7,4.9,4.7,2021,Hyundai,Elantra.
2021     Hyundai     Accent.,5,4.9,4.8,4.8,4.8,4.8,5,4.8,2021,Hyundai,Accent.
2021     Hyundai     Venue.,22,4.8,4.8,4.7,4.5,5,4.8,5,2021,Hyundai,Venue.
2021     Hyundai     Elantra HEV.,3,4.9,5,4.7,4.7,5,5,5,2021,Hyundai,Elantra HEV.
2021     Hyundai     Sonata Hybrid.,7,4.9,5,4.9,4.9,5,4.9,5,2021,Hyundai,Sonata Hybrid.
2021     Hyundai     IONIQ Plug-In Hybrid.,,,,,,,,,2021,Hyundai,IONIQ Plug-In Hybrid.
2021     Hyundai     Veloster N.,2,5,5,5,5,5,5,5,2021,Hyundai,Veloster N.
2021     Hyundai     IONIQ Hybrid.,2,5,5,5,5,5,5,5,2021,Hyundai,IONIQ Hybrid.
2021     Hyundai     Veloster.,,,,,,,,,2021,Hyundai,Veloster.
2021     Hyundai     Santa Fe HEV.,2,5,5,5,5,5,5,5,2021,Hyundai,Santa Fe HEV.
2021     INFINITI     QX80.,2,4.3,4.5,4,4.5,3.5,4.5,4.5,2021,INFINITI,QX80.
2021     INFINITI     Q60.,2,5,5,5,5,5,5,5,2021,INFINITI,Q60.
2021     INFINITI     QX50.,24,4.3,4.6,4.4,4.1,4.2,4.6,4.2,2021,INFINITI,QX50.
2021     INFINITI     Q50.,9,4.9,4.9,4.9,4.9,4.8,4.9,4.9,2021,INFINITI,Q50.
2021     Jaguar     E-PACE.,1,4.9,5,5,5,4,5,5,2021,Jaguar,E-PACE.
2021     Jaguar     F-TYPE.,3,5,5,5,5,5,5,5,2021,Jaguar,F-TYPE.
2021     Jaguar     F-PACE.,6,4.4,4.7,4.8,4.5,4.2,4.2,4.2,2021,Jaguar,F-PACE.
2021     Jeep     Grand Cherokee L.,10,4.5,4.5,4.7,4.3,4.7,4.7,4.2,2021,Jeep,Grand Cherokee L.
2021     Jeep     Wrangler.,31,4.8,4.8,4.8,4.8,4.7,4.8,4.8,2021,Jeep,Wrangler.
2021     Jeep     Wrangler Unlimited 4xe.,12,4,4.2,4.5,3.9,3.5,5,3.4,2021,Jeep,Wrangler Unlimited 4xe.
2021     Jeep     Cherokee.,73,4.9,4.9,4.8,4.8,4.8,4.9,4.8,2021,Jeep,Cherokee.
2021     Jeep     Grand Cherokee.,61,4.6,4.7,4.7,4.7,4.5,4.7,4.6,2021,Jeep,Grand Cherokee.
2021     Jeep     Compass.,50,4.6,4.7,4.7,4.5,4.5,4.7,4.5,2021,Jeep,Compass.
2021     Jeep     Renegade.,24,4.4,4.6,4.6,4.2,4.1,4.6,4.2,2021,Jeep,Renegade.
2021     Jeep     Gladiator.,59,4.9,4.8,4.9,4.9,4.6,4.9,4.9,2021,Jeep,Gladiator.
2021     Jeep     Wrangler Unlimited.,50,4.9,4.9,5,4.9,4.6,4.9,4.8,2021,Jeep,Wrangler Unlimited.
2021     Kia     Sedona.,6,4.9,5,5,5,4.5,5,5,2021,Kia,Sedona.
2021     Kia     Stinger.,5,4.9,5,5,5,4.8,4.8,4.6,2021,Kia,Stinger.
2021     Kia     Sorento.,54,4.8,4.9,4.9,4.6,4.7,4.9,4.6,2021,Kia,Sorento.
2021     Kia     K5.,71,4.6,4.7,4.7,4.5,4.5,4.7,4.5,2021,Kia,K5.
2021     Kia     Telluride.,91,4.9,5,4.9,4.9,4.8,5,4.9,2021,Kia,Telluride.
2021     Kia     Sorento Hybrid.,6,5,5,5,5,5,5,4.7,2021,Kia,Sorento Hybrid.
2021     Kia     Niro.,1,4.7,5,5,5,4,5,5,2021,Kia,Niro.
2021     Kia     Seltos.,116,4.7,4.8,4.8,4.7,4.7,4.8,4.7,2021,Kia,Seltos.
2021     Kia     Sportage.,59,4.8,4.9,4.8,4.8,4.6,4.8,4.8,2021,Kia,Sportage.
2021     Kia     Rio.,11,4.7,4.5,4.6,4.6,4.6,4.8,4.8,2021,Kia,Rio.
2021     Kia     Forte.,50,4.8,4.8,4.8,4.7,4.7,4.9,4.8,2021,Kia,Forte.
2021     Kia     Soul.,72,4.7,4.7,4.7,4.6,4.6,4.8,4.6,2021,Kia,Soul.
2021     Kia     Niro Plug-In Hybrid.,2,4.2,4,4.5,4,3.5,4.5,4.5,2021,Kia,Niro Plug-In Hybrid.
2021     Land Rover     Range Rover Velar.,3,4.9,5,4.7,5,4.7,5,4.7,2021,Land,Rover Range Rover Velar.
2021     Land Rover     Range Rover Sport.,6,4.8,4.8,4.8,5,4.3,5,4.7,2021,Land,Rover Range Rover Sport.
2021     Land Rover     Discovery Sport.,3,5,5,4.7,5,5,5,5,2021,Land,Rover Discovery Sport.
2021     Land Rover     Range Rover.,2,5,5,5,5,4.5,5,5,2021,Land,Rover Range Rover.
2021     Land Rover     Defender.,4,5,5,4.8,5,4.8,5,5,2021,Land,Rover Defender.
2021     Land Rover     Range Rover Evoque.,3,4.9,5,5,4.7,5,5,4.7,2021,Land,Rover Range Rover Evoque.
2021     Land Rover     Discovery.,3,4.2,4,4.3,4.3,4,4.3,4,2021,Land,Rover Discovery.
2021     Lexus     ES 250.,4,4.6,4.8,5,4.5,4.2,4.8,4.5,2021,Lexus,ES 250.
2021     Lexus     NX 300h.,10,4.3,4.1,4.4,3.9,4,4.8,4.7,2021,Lexus,NX 300h.
2021     Lexus     ES 350.,12,5,5,5,5,5,5,5,2021,Lexus,ES 350.
2021     Lexus     UX 200.,3,4.9,5,5,5,4.3,5,5,2021,Lexus,UX 200.
2021     Lexus     RX 350.,58,4.7,4.8,4.8,4.8,4.6,4.7,4.8,2021,Lexus,RX 350.
2021     Lexus     UX 250h.,11,4.8,4.8,4.6,4.6,4.7,4.8,4.9,2021,Lexus,UX 250h.
2021     Lexus     LX 570.,3,4.8,5,5,4.7,4.3,4.7,5,2021,Lexus,LX 570.
2021     Lexus     RX 450h.,10,4.8,5,4.9,4.9,4.3,4.9,4.9,2021,Lexus,RX 450h.
2021     Lexus     GX 460.,9,4.6,4.9,4.3,4.7,4.2,4.6,4.9,2021,Lexus,GX 460.
2021     Lexus     NX 300.,21,4.8,4.8,4.8,4.8,4.7,4.8,4.8,2021,Lexus,NX 300.
2021     Lexus     IS 300.,2,5,5,5,5,5,4.5,5,2021,Lexus,IS 300.
2021     Lexus     LC 500.,8,5,5,4.9,5,4.9,5,5,2021,Lexus,LC 500.
2021     Lexus     IS 350.,2,4.8,5,4.5,5,4.5,5,5,2021,Lexus,IS 350.
2021     Lexus     RX 350L.,8,4.6,4.5,4.5,4.8,4.5,4.8,4.8,2021,Lexus,RX 350L.
2021     Lexus     RX 450hL.,1,5,5,5,5,5,5,5,2021,Lexus,RX 450hL.
2021     Lexus     ES 300h.,9,5,5,4.9,4.9,4.9,5,5,2021,Lexus,ES 300h.
2021     Lexus     RC 300.,,,,,,,,,2021,Lexus,RC 300.
2021     Lexus     LS 500.,5,4.9,5,4.8,4.8,4.6,5,4.8,2021,Lexus,LS 500.
2021     Lexus     RC 350.,4,4.9,5,5,4.5,4.8,5,5,2021,Lexus,RC 350.
2021     Lincoln     Nautilus.,7,5,5,5,5,4.9,5,5,2021,Lincoln,Nautilus.
2021     Lincoln     Aviator.,15,4.4,4.6,4.5,4.5,4,4.7,4.2,2021,Lincoln,Aviator.
2021     Lincoln     Corsair.,9,4.8,4.9,4.7,4.9,4.9,5,4.9,2021,Lincoln,Corsair.
2021     Lincoln     Navigator L.,,,,,,,,,2021,Lincoln,Navigator L.
2021     Lincoln     Navigator.,2,5,5,5,5,5,5,5,2021,Lincoln,Navigator.
2021     Mazda     MX-5 Miata RF.,2,4.6,4,4.5,5,4.5,5,4.5,2021,Mazda,MX-5 Miata RF.
2021     Mazda     CX-9.,18,4.8,4.8,4.8,4.8,4.7,4.9,4.9,2021,Mazda,CX-9.
2021     Mazda     Mazda3.,18,4.9,4.8,4.8,4.9,4.9,4.9,4.8,2021,Mazda,Mazda3.
2021     Mazda     CX-3.,2,4.8,4.5,4.5,5,5,5,5,2021,Mazda,CX-3.
2021     Mazda     CX-30.,32,4.9,4.9,4.9,4.7,4.8,4.9,4.9,2021,Mazda,CX-30.
2021     Mazda     MX-5 Miata.,4,4.4,3.5,3.8,4.2,5,5,5,2021,Mazda,MX-5 Miata.
2021     Mazda     CX-5.,88,4.8,4.7,4.7,4.8,4.7,4.8,4.8,2021,Mazda,CX-5.
2021     Mazda     Mazda6.,5,5,5,5,5,5,5,5,2021,Mazda,Mazda6.
2021     Mercedes-Benz     AMG G 63.,,,,,,,,,2021,Mercedes-Benz,AMG G 63.
2021     Mercedes-Benz     C-Class.,4,5,5,4.8,5,5,5,5,2021,Mercedes-Benz,C-Class.
2021     Mercedes-Benz     GLE 350.,18,4.7,4.8,4.8,4.6,4.6,4.8,4.8,2021,Mercedes-Benz,GLE 350.
2021     Mercedes-Benz     AMG GLE 53.,17,3.6,4.2,4.6,3.9,2.6,4.5,2.5,2021,Mercedes-Benz,AMG GLE 53.
2021     Mercedes-Benz     GLC 300.,17,4.6,4.7,4.8,4.5,4.4,4.8,4.3,2021,Mercedes-Benz,GLC 300.
2021     Mercedes-Benz     AMG CLA 35.,1,4.9,5,5,5,4,5,5,2021,Mercedes-Benz,AMG CLA 35.
2021     Mercedes-Benz     AMG GLS 63.,,,,,,,,,2021,Mercedes-Benz,AMG GLS 63.
2021     Mercedes-Benz     AMG GLB 35.,1,4.7,3,5,5,5,5,5,2021,Mercedes-Benz,AMG GLB 35.
2021     Mercedes-Benz     Maybach GLS 600.,,,,,,,,,2021,Mercedes-Benz,Maybach GLS 600.
2021     Mercedes-Benz     AMG GT 43.,,,,,,,,,2021,Mercedes-Benz,AMG GT 43.
2021     Mercedes-Benz     AMG A 35.,,,,,,,,,2021,Mercedes-Benz,AMG A 35.
2021     Mercedes-Benz     AMG C 63.,2,4.2,4,4.5,5,3.5,4.5,3.5,2021,Mercedes-Benz,AMG C 63.
2021     Mercedes-Benz     GLA 250.,19,4.9,4.9,4.9,4.9,4.8,4.8,4.9,2021,Mercedes-Benz,GLA 250.
2021     Mercedes-Benz     E-Class.,7,4.7,5,5,5,4.6,4.6,4.3,2021,Mercedes-Benz,E-Class.
2021     Mercedes-Benz     AMG CLA 45.,,,,,,,,,2021,Mercedes-Benz,AMG CLA 45.
2021     Mercedes-Benz     AMG GT 63.,,,,,,,,,2021,Mercedes-Benz,AMG GT 63.
2021     Mercedes-Benz     AMG GLA 35.,,,,,,,,,2021,Mercedes-Benz,AMG GLA 35.
2021     Mercedes-Benz     AMG C 43.,,,,,,,,,2021,Mercedes-Benz,AMG C 43.
2021     Mercedes-Benz     AMG E 63.,,,,,,,,,2021,Mercedes-Benz,AMG E 63.
2021     Mercedes-Benz     Sprinter 3500XD.,,,,,,,,,2021,Mercedes-Benz,Sprinter 3500XD.
2021     Mercedes-Benz     S-Class.,,,,,,,,,2021,Mercedes-Benz,S-Class.
2021     Mercedes-Benz     Metris.,,,,,,,,,2021,Mercedes-Benz,Metris.
2021     Mercedes-Benz     GLE 580.,,,,,,,,,2021,Mercedes-Benz,GLE 580.
2021     Mercedes-Benz     GLB 250.,13,4.3,4.5,4.8,4.5,3.8,4.5,4,2021,Mercedes-Benz,GLB 250.
2021     Mercedes-Benz     Sprinter 2500.,,,,,,,,,2021,Mercedes-Benz,Sprinter 2500.
2021     Mercedes-Benz     Maybach S 580.,,,,,,,,,2021,Mercedes-Benz,Maybach S 580.
2021     Mercedes-Benz     AMG GLE 63.,,,,,,,,,2021,Mercedes-Benz,AMG GLE 63.
2021     Mercedes-Benz     AMG GLC 43.,,,,,,,,,2021,Mercedes-Benz,AMG GLC 43.
2021     Mercedes-Benz     AMG E 53.,2,3.9,4.5,5,4,3.5,4.5,2.5,2021,Mercedes-Benz,AMG E 53.
2021     Mercedes-Benz     GLS 450.,8,4.1,5,4.9,3.8,3.1,4.9,3.5,2021,Mercedes-Benz,GLS 450.
2021     Mercedes-Benz     A-Class.,2,4.5,4.5,4.5,4.5,4.5,4.5,4.5,2021,Mercedes-Benz,A-Class.
2021     Mercedes-Benz     AMG GLA 45.,1,4.4,5,4,5,4,4,4,2021,Mercedes-Benz,AMG GLA 45.
2021     Mercedes-Benz     GLS 580.,1,4.9,5,5,5,4,5,5,2021,Mercedes-Benz,GLS 580.
2021     Mercedes-Benz     G-Class.,,,,,,,,,2021,Mercedes-Benz,G-Class.
2021     Mercedes-Benz     GLE 450.,3,4.9,5,5,5,5,5,4.7,2021,Mercedes-Benz,GLE 450.
2021     Mercedes-Benz     CLS 450.,3,4.5,4,4.3,5,4,5,5,2021,Mercedes-Benz,CLS 450.
2021     Mercedes-Benz     CLA 250.,2,4.2,4.5,4.5,4,4,4,4,2021,Mercedes-Benz,CLA 250.
2021     Mercedes-Benz     AMG CLS 53.,,,,,,,,,2021,Mercedes-Benz,AMG CLS 53.
2021     Mercedes-Benz     AMG GLC 63.,,,,,,,,,2021,Mercedes-Benz,AMG GLC 63.
2021     Mercedes-Benz     Sprinter 3500.,,,,,,,,,2021,Mercedes-Benz,Sprinter 3500.
2021     Mercedes-Benz     AMG GT.,,,,,,,,,2021,Mercedes-Benz,AMG GT.
2021     Mercedes-Benz     AMG GT 53.,,,,,,,,,2021,Mercedes-Benz,AMG GT 53.
2021     Mitsubishi     Outlander Sport.,14,4.9,4.9,4.7,4.9,4.9,4.9,5,2021,Mitsubishi,Outlander Sport.
2021     Mitsubishi     Mirage G4.,5,4.7,4.6,4.6,4.6,5,4.6,4.8,2021,Mitsubishi,Mirage G4.
2021     Mitsubishi     Outlander PHEV.,,,,,,,,,2021,Mitsubishi,Outlander PHEV.
2021     Mitsubishi     Mirage.,1,5,5,5,5,5,5,5,2021,Mitsubishi,Mirage.
2021     Nissan     Rogue.,102,4.6,4.8,4.7,4.5,4.4,4.8,4.5,2021,Nissan,Rogue.
2021     Nissan     Rogue Sport.,15,4.8,4.8,4.9,4.7,4.7,4.9,5,2021,Nissan,Rogue Sport.
2021     Nissan     Armada.,,,,,,,,,2021,Nissan,Armada.
2021     Nissan     Altima.,17,4.9,4.9,5,4.9,4.7,5,4.9,2021,Nissan,Altima.
2021     Nissan     Titan XD.,2,5,5,5,5,5,5,5,2021,Nissan,Titan XD.
2021     Nissan     Titan.,16,4.3,4.5,4.4,4.2,4.1,4.4,4.3,2021,Nissan,Titan.
2021     Nissan     NV200.,1,3.9,4,4,4,3,4,4,2021,Nissan,NV200.
2021     Nissan     Maxima.,8,4.8,5,4.6,5,4.6,5,4.9,2021,Nissan,Maxima.
2021     Nissan     Versa.,11,4.2,4.3,4.4,4,4,4.5,4,2021,Nissan,Versa.
2021     Nissan     NV Cargo NV3500 HD.,,,,,,,,,2021,Nissan,NV Cargo NV3500 HD.
2021     Nissan     Murano.,20,4.8,4.8,4.8,4.6,4.8,4.8,4.7,2021,Nissan,Murano.
2021     Nissan     Sentra.,25,4.8,4.9,4.8,4.7,4.8,4.9,4.8,2021,Nissan,Sentra.
2021     Nissan     Frontier.,9,4.5,4.4,4.3,4.6,4.6,4.4,4.6,2021,Nissan,Frontier.
2021     Nissan     Kicks.,6,4.3,4.3,4.2,4.2,4.2,4.7,4.2,2021,Nissan,Kicks.
2021     Nissan     NV Cargo NV2500 HD.,,,,,,,,,2021,Nissan,NV Cargo NV2500 HD.
2021     Nissan     GT-R.,1,4.4,4,4,5,4,5,4,2021,Nissan,GT-R.
2021     Porsche     Panamera.,1,5,5,5,5,5,5,5,2021,Porsche,Panamera.
2021     Porsche     Cayenne.,5,4.5,4.6,4.6,4.4,4,5,4.4,2021,Porsche,Cayenne.
2021     Porsche     Macan.,3,4.9,4.7,5,5,4.7,4.7,5,2021,Porsche,Macan.
2021     Porsche     718 Spyder.,,,,,,,,,2021,Porsche,718 Spyder.
2021     Porsche     718 Cayman.,4,5,5,5,5,4.8,5,5,2021,Porsche,718 Cayman.
2021     Porsche     Cayenne E-Hybrid Coupe.,1,5,5,5,5,5,5,5,2021,Porsche,Cayenne E-Hybrid Coupe.
2021     Porsche     911.,4,4.9,5,4.8,5,4.8,5,4.8,2021,Porsche,911
2021     Porsche     718 Boxster.,2,4.3,4,4.5,5,3.5,4.5,4,2021,Porsche,718 Boxster.
2021     Porsche     Panamera E-Hybrid.,1,5,5,5,5,5,5,5,2021,Porsche,Panamera E-Hybrid.
2021     Porsche     Cayenne E-Hybrid.,,,,,,,,,2021,Porsche,Cayenne E-Hybrid.
2021     Porsche     Taycan.,2,5,5,5,5,5,5,5,2021,Porsche,Taycan.
2021     RAM     1500.,98,4.8,4.9,4.8,4.8,4.6,4.9,4.7,2021,RAM,1500
2021     RAM     3500.,6,5,5,5,5,5,5,4.8,2021,RAM,3500
2021     RAM     2500.,20,4.7,4.8,4.8,4.8,4.4,4.8,4.6,2021,RAM,2500
2021     RAM     ProMaster 2500.,,,,,,,,,2021,RAM,ProMaster 2500.
2021     RAM     1500 Classic.,10,5,5,5,4.9,5,5,5,2021,RAM,1500 Classic.
2021     RAM     ProMaster City.,,,,,,,,,2021,RAM,ProMaster City.
2021     RAM     ProMaster 2500 Window Van.,,,,,,,,,2021,RAM,ProMaster 2500 Window Van.
2021     RAM     ProMaster 3500.,,,,,,,,,2021,RAM,ProMaster 3500.
2021     RAM     ProMaster 1500.,,,,,,,,,2021,RAM,ProMaster 1500.
2021     Subaru     Ascent.,33,4.7,4.8,4.8,4.7,4.7,4.5,4.7,2021,Subaru,Ascent.
2021     Subaru     Outback.,84,4.8,4.8,4.7,4.7,4.7,4.8,4.8,2021,Subaru,Outback.
2021     Subaru     Legacy.,10,5,5,5,5,4.9,5,5,2021,Subaru,Legacy.
2021     Subaru     WRX STI.,2,5,5,5,5,5,5,5,2021,Subaru,WRX STI.
2021     Subaru     Forester.,110,4.9,4.9,4.9,4.9,4.8,4.8,4.9,2021,Subaru,Forester.
2021     Subaru     Crosstrek.,81,4.8,4.9,4.8,4.8,4.8,4.8,4.8,2021,Subaru,Crosstrek.
2021     Subaru     WRX.,3,4.8,4.3,4.7,5,4.7,5,4.7,2021,Subaru,WRX.
2021     Subaru     Impreza.,13,4.7,4.6,4.6,4.5,4.8,4.5,4.8,2021,Subaru,Impreza.
2021     Toyota     Highlander.,95,4.9,4.9,4.8,4.8,4.8,4.8,4.9,2021,Toyota,Highlander.
2021     Toyota     RAV4 Hybrid.,55,4.8,4.8,4.7,4.7,4.7,4.7,4.9,2021,Toyota,RAV4 Hybrid.
2021     Toyota     Tundra.,36,4.8,4.9,4.8,4.7,4.7,4.8,4.8,2021,Toyota,Tundra.
2021     Toyota     4Runner.,42,4.9,5,4.9,4.8,4.9,4.9,4.9,2021,Toyota,4Runner.
2021     Toyota     RAV4.,105,4.8,4.8,4.7,4.7,4.7,4.8,4.9,2021,Toyota,RAV4.
2021     Toyota     Avalon.,11,4.8,4.6,4.7,4.7,4.5,4.9,5,2021,Toyota,Avalon.
2021     Toyota     Corolla.,75,4.8,4.8,4.7,4.8,4.7,4.8,4.9,2021,Toyota,Corolla.
2021     Toyota     Sienna.,30,4.3,4.3,4.2,4.3,4.3,4.5,4.3,2021,Toyota,Sienna.
2021     Toyota     Supra.,13,3.3,3.2,3.1,3.5,3.1,3.7,3.2,2021,Toyota,Supra.
2021     Toyota     Tacoma.,87,4.8,4.8,4.7,4.6,4.7,4.9,4.9,2021,Toyota,Tacoma.
2021     Toyota     Sequoia.,4,4.9,5,4.8,5,4.8,5,5,2021,Toyota,Sequoia.
2021     Toyota     Corolla Hatchback.,11,4.9,4.6,4.8,4.8,4.9,5,5,2021,Toyota,Corolla Hatchback.
2021     Toyota     Highlander Hybrid.,32,4.7,4.8,4.6,4.7,4.7,4.7,5,2021,Toyota,Highlander Hybrid.
2021     Toyota     C-HR.,27,4.9,4.9,4.9,4.9,4.9,4.9,4.8,2021,Toyota,C-HR.
2021     Toyota     Camry Hybrid.,9,4.8,4.6,4.6,4.7,4.9,5,4.9,2021,Toyota,Camry Hybrid.
2021     Toyota     Camry.,72,4.8,4.8,4.8,4.8,4.8,4.9,4.9,2021,Toyota,Camry.
2021     Toyota     Venza.,73,4.7,4.7,4.7,4.6,4.5,4.9,4.7,2021,Toyota,Venza.
2021     Toyota     Avalon Hybrid.,8,4.7,4.6,4.9,4.6,4.5,4.5,5,2021,Toyota,Avalon Hybrid.
2021     Toyota     Prius.,18,4.6,4.6,4.6,4.7,4.8,4.5,4.7,2021,Toyota,Prius.
2021     Toyota     Prius Prime.,10,4.8,4.9,4.9,4.6,4.8,4.9,4.9,2021,Toyota,Prius Prime.
2021     Toyota     RAV4 Prime.,43,4.8,4.8,4.8,4.9,4.6,4.9,4.9,2021,Toyota,RAV4 Prime.
2021     Toyota     Corolla Hybrid.,15,4.8,4.8,4.5,4.9,5,4.7,5,2021,Toyota,Corolla Hybrid.
2021     Toyota     Land Cruiser.,2,4.6,4.5,4.5,5,4.5,4.5,5,2021,Toyota,Land Cruiser.
2021     Volkswagen     Atlas Cross Sport.,10,4.5,4.7,4.5,4.4,4.4,4.5,4.4,2021,Volkswagen,Atlas Cross Sport.
2021     Volkswagen     Atlas.,45,4.8,4.8,4.6,4.7,4.8,4.8,4.8,2021,Volkswagen,Atlas.
2021     Volkswagen     Golf.,,,,,,,,,2021,Volkswagen,Golf.
2021     Volkswagen     Jetta GLI.,6,4.9,4.8,4.8,5,5,4.7,4.8,2021,Volkswagen,Jetta GLI.
2021     Volkswagen     Passat.,2,5,5,5,5,5,5,5,2021,Volkswagen,Passat.
2021     Volkswagen     Golf GTI.,1,4.9,4,5,5,5,5,5,2021,Volkswagen,Golf GTI.
2021     Volkswagen     Arteon.,2,4.9,5,5,5,4,5,5,2021,Volkswagen,Arteon.
2021     Volkswagen     Jetta.,23,4.5,4.5,4.3,4.5,4.5,4.7,4.4,2021,Volkswagen,Jetta.
2021     Volkswagen     Tiguan.,16,4.7,4.7,4.6,4.6,4.5,4.9,4.7,2021,Volkswagen,Tiguan.
2021     Volvo     XC90.,21,5,5,5,5,5,5,5,2021,Volvo,XC90.
2021     Volvo     XC90 Recharge Plug-In Hybrid.,14,3.8,4.6,4.2,3.6,3,4.4,3.1,2021,Volvo,XC90 Recharge Plug-In Hybrid.
2021     Volvo     XC60.,26,4.9,5,5,4.9,4.9,5,4.8,2021,Volvo,XC60.
2021     Volvo     XC60 Recharge Plug-In Hybrid.,9,4.7,5,5,4.6,4.1,4.9,4.7,2021,Volvo,XC60 Recharge Plug-In Hybrid.
2021     Volvo     XC40.,35,4.7,4.8,4.8,4.7,4.6,4.8,4.7,2021,Volvo,XC40.
2021     Volvo     V60 Cross Country.,2,5,5,5,5,5,5,5,2021,Volvo,V60 Cross Country.
2021     Volvo     S90.,,,,,,,,,2021,Volvo,S90.
2021     Volvo     V90 Cross Country.,,,,,,,,,2021,Volvo,V90 Cross Country.
2021     Volvo     S60 Recharge Plug-In Hybrid.,1,4.9,5,4,5,5,5,5,2021,Volvo,S60 Recharge Plug-In Hybrid.
2021     Volvo     S60.,11,5,5,5,5,5,5,5,2021,Volvo,S60.
2021     Volvo     V90.,,,,,,,,,2021,Volvo,V90.
2021     Volvo     V60.,1,5,5,5,5,5,5,5,2021,Volvo,V60.
